headline,description,category,impact_score,region,date
Monsoon flooding displaces millions in Mediterranean,Rescue operations are underway with military and civilian teams searching for survivors. The disaster has overwhelmed local response capabilities and international assistance has been requested.,Disaster,57.8,Europe,2024-08-12
Coalition airstrikes target positions in Southeast Asia,Security forces have been placed on high alert following the latest developments. Evacuation of civilians from border areas is underway amid fears of further escalation.,War,48.1,Southeast Asia,2024-07-18
UN condemns military aggression in Southeast Asia,The conflict has disrupted critical infrastructure including hospitals and schools. International observers call for immediate ceasefire and humanitarian access to affected populations.,War,51.2,Southeast Asia,2024-02-10
Commodity prices spike disrupting global trade flows,Central banks face difficult policy decisions as traditional monetary tools prove insufficient. Fiscal stimulus packages are being debated but political divisions slow implementation.,Economy,69.7,Southeast Asia,2024-07-16
Russia mobilizes reserve forces amid North Africa crisis,Reports indicate significant troop movements and artillery exchanges along the front lines. Aid organizations warn of a growing humanitarian crisis in affected areas.,War,58.6,South Asia,2024-10-03
Critical vulnerability found in web framework affecting millions,Security researchers have confirmed the severity of the breach affecting systems worldwide. Organizations are scrambling to patch vulnerabilities and assess the extent of data compromise.,Tech,58.8,Oceania,2024-04-05
Devastating floods hit Southeast Asia after record rainfall,Climate scientists link the disaster to changing weather patterns and warn of increased frequency of such events. Reconstruction costs are estimated in the billions of dollars.,Disaster,80.6,Middle East,2024-01-27
Pension fund losses threaten retirement savings for millions,Central banks face difficult policy decisions as traditional monetary tools prove insufficient. Fiscal stimulus packages are being debated but political divisions slow implementation.,Economy,65.2,Southeast Asia,2024-06-30
Inflation hits 30-year high across North American,Central banks face difficult policy decisions as traditional monetary tools prove insufficient. Fiscal stimulus packages are being debated but political divisions slow implementation.,Economy,69.8,South Asia,2024-02-28
Quantum computing breakthrough threatens encryption standards,Users are advised to change credentials and monitor accounts for suspicious activity. The full scope of the impact is still being assessed as forensic analysis continues.,Tech,30.8,South America,2024-03-10
Oil prices surge after refinery shutdown,The crisis threatens to spill over into emerging markets creating a cascade of financial instability. International lending institutions are mobilizing emergency support packages.,Economy,33.9,Europe,2024-05-20
Supply chain disruption causes energy shortage globally,Financial analysts warn of prolonged economic downturn as key indicators continue to decline. Markets have shown extreme volatility with investors moving to safe-haven assets.,Economy,78.9,Africa,2024-05-27
Deadly landslide buries homes in Andes Region after heavy rains,The death toll is expected to rise as teams reach isolated communities cut off by the disaster. Hospitals are operating beyond capacity and medical supplies are running critically low.,Disaster,95.1,South America,2024-08-08
Biometric data leak compromises identity security for millions,The incident highlights growing concerns about cybersecurity preparedness in critical sectors. Government agencies are investigating and coordinating response efforts with private sector partners.,Tech,71.1,Middle East,2024-09-21
Israel mobilizes reserve forces amid Middle East crisis,The conflict has disrupted critical infrastructure including hospitals and schools. International observers call for immediate ceasefire and humanitarian access to affected populations.,War,76.7,Oceania,2024-05-05
Category 5 hurricane makes landfall in South Asia,Emergency response teams are mobilizing to affected areas as the scale of destruction becomes apparent. Thousands have been displaced and critical infrastructure has been severely damaged.,Disaster,93.6,South America,2024-11-29
Glacier collapse triggers massive flooding in Pacific Coast,Satellite imagery reveals the full extent of devastation across the affected region. Agricultural land has been destroyed threatening food security for the coming season.,Disaster,77.6,East Asia,2024-05-27
United States mobilizes reserve forces amid Korean Peninsula crisis,The situation continues to deteriorate as military operations expand across the region. Civilian casualties are mounting and international pressure grows for a diplomatic resolution.,War,90.3,South Asia,2024-02-06
Autonomous aircraft incident raises safety concerns globally,Security researchers have confirmed the severity of the breach affecting systems worldwide. Organizations are scrambling to patch vulnerabilities and assess the extent of data compromise.,Tech,44.7,Africa,2024-10-25
European currency crashes against major trading pairs,The crisis threatens to spill over into emerging markets creating a cascade of financial instability. International lending institutions are mobilizing emergency support packages.,Economy,32.5,Africa,2024-12-18
Unemployment surges to 6.1% in European,The crisis threatens to spill over into emerging markets creating a cascade of financial instability. International lending institutions are mobilizing emergency support packages.,Economy,32.9,East Asia,2024-08-12
Peace talks between India and opposition forces collapse,Reports indicate significant troop movements and artillery exchanges along the front lines. Aid organizations warn of a growing humanitarian crisis in affected areas.,War,80.8,South America,2024-08-05
Guerrilla attacks disrupt supply lines in Southeast Asia,Reports indicate significant troop movements and artillery exchanges along the front lines. Aid organizations warn of a growing humanitarian crisis in affected areas.,War,62.7,East Asia,2024-06-23
Inflation hits 30-year high across Global,Financial analysts warn of prolonged economic downturn as key indicators continue to decline. Markets have shown extreme volatility with investors moving to safe-haven assets.,Economy,76.1,Oceania,2024-07-13
Massive wildfire spreads across Central America burning 200000 acres,Climate scientists link the disaster to changing weather patterns and warn of increased frequency of such events. Reconstruction costs are estimated in the billions of dollars.,Disaster,68.7,Europe,2024-05-01
Glacier collapse triggers massive flooding in South Asia,Rescue operations are underway with military and civilian teams searching for survivors. The disaster has overwhelmed local response capabilities and international assistance has been requested.,Disaster,69.6,Oceania,2024-05-25
Ethnic violence erupts across Central Asia provinces,Security forces have been placed on high alert following the latest developments. Evacuation of civilians from border areas is underway amid fears of further escalation.,War,67.1,Middle East,2024-09-18
AI system failure causes widespread service disruption,Security researchers have confirmed the severity of the breach affecting systems worldwide. Organizations are scrambling to patch vulnerabilities and assess the extent of data compromise.,Tech,48.8,Middle East,2024-04-08
Cloud service provider outage affects 50 million users worldwide,The technology implications extend beyond immediate damage raising questions about regulatory oversight. Industry leaders call for updated frameworks to address emerging digital threats.,Tech,37.5,East Asia,2024-01-23
Central bank raises interest rates to combat economic downturn,The crisis threatens to spill over into emerging markets creating a cascade of financial instability. International lending institutions are mobilizing emergency support packages.,Economy,55.6,South Asia,2024-06-28
Economic sanctions create severe shortages in India,Central banks face difficult policy decisions as traditional monetary tools prove insufficient. Fiscal stimulus packages are being debated but political divisions slow implementation.,Economy,35.0,South Asia,2024-03-28
Magnitude 6.8 earthquake strikes Southeast Asia causing widespread destruction,Satellite imagery reveals the full extent of devastation across the affected region. Agricultural land has been destroyed threatening food security for the coming season.,Disaster,69.9,Africa,2024-04-14
Avalanche traps 89 mountaineers in Central America,Climate scientists link the disaster to changing weather patterns and warn of increased frequency of such events. Reconstruction costs are estimated in the billions of dollars.,Disaster,75.6,Oceania,2024-11-24
Border clashes intensify between Israel and rival nation,Intelligence sources confirm escalation of hostilities with heavy weaponry deployed. Diplomatic channels remain strained as both sides refuse to back down from their positions.,War,53.1,South Asia,2024-04-17
Rising sea levels inundate coastal areas in Andes Region,Rescue operations are underway with military and civilian teams searching for survivors. The disaster has overwhelmed local response capabilities and international assistance has been requested.,Disaster,64.9,Africa,2024-04-09
Missile strikes hit supply depot in Central Asia overnight,Security forces have been placed on high alert following the latest developments. Evacuation of civilians from border areas is underway amid fears of further escalation.,War,79.0,Oceania,2024-06-18
Deepfake technology used in phishing operation targeting elections,Users are advised to change credentials and monitor accounts for suspicious activity. The full scope of the impact is still being assessed as forensic analysis continues.,Tech,57.0,North America,2024-05-05
Foreign investors flee Global amid economic instability,International trade flows have been significantly disrupted affecting supply chains globally. Companies report declining revenues and are implementing cost-cutting measures including layoffs.,Economy,81.3,East Asia,2024-01-17
Critical vulnerability found in enterprise software affecting millions,The technology implications extend beyond immediate damage raising questions about regulatory oversight. Industry leaders call for updated frameworks to address emerging digital threats.,Tech,41.9,Oceania,2024-12-26
Volcanic eruption in Caribbean forces mass evacuation,The death toll is expected to rise as teams reach isolated communities cut off by the disaster. Hospitals are operating beyond capacity and medical supplies are running critically low.,Disaster,71.0,Southeast Asia,2024-08-13
Sinkhole swallows buildings in East Africa urban area,Rescue operations are underway with military and civilian teams searching for survivors. The disaster has overwhelmed local response capabilities and international assistance has been requested.,Disaster,52.1,Oceania,2024-06-22
Deadly landslide buries homes in Southeast Asia after heavy rains,Emergency response teams are mobilizing to affected areas as the scale of destruction becomes apparent. Thousands have been displaced and critical infrastructure has been severely damaged.,Disaster,100.0,Middle East,2024-04-20
Naval blockade imposed on Korean Peninsula ports by Israel,Intelligence sources confirm escalation of hostilities with heavy weaponry deployed. Diplomatic channels remain strained as both sides refuse to back down from their positions.,War,55.2,East Asia,2024-09-15
Government surveillance program exposed by whistleblower,The technology implications extend beyond immediate damage raising questions about regulatory oversight. Industry leaders call for updated frameworks to address emerging digital threats.,Tech,49.0,South Asia,2024-11-01
Cybersecurity attack targets European power grid infrastructure,Experts warn this represents a new class of technological threat requiring updated defense strategies. The attack vector exploited known weaknesses that had not been adequately addressed.,Tech,26.4,South Asia,2024-12-21
Oil prices surge after geopolitical tensions,Financial analysts warn of prolonged economic downturn as key indicators continue to decline. Markets have shown extreme volatility with investors moving to safe-haven assets.,Economy,63.9,Europe,2024-09-12
Stock exchange halts trading after 8.5% single-day drop,International trade flows have been significantly disrupted affecting supply chains globally. Companies report declining revenues and are implementing cost-cutting measures including layoffs.,Economy,78.3,Southeast Asia,2024-06-22
Unemployment surges to 4.7% in Global,Financial analysts warn of prolonged economic downturn as key indicators continue to decline. Markets have shown extreme volatility with investors moving to safe-haven assets.,Economy,35.6,Africa,2024-08-25
Central bank raises interest rates to combat stagflation,The crisis threatens to spill over into emerging markets creating a cascade of financial instability. International lending institutions are mobilizing emergency support packages.,Economy,52.7,North America,2024-04-06
Major investment bank faces insolvency sparking contagion fears,Central banks face difficult policy decisions as traditional monetary tools prove insufficient. Fiscal stimulus packages are being debated but political divisions slow implementation.,Economy,72.8,East Asia,2024-07-02
Global markets drop significantly amid fears of banking collapse,The economic impact is being felt across multiple sectors with manufacturing and services both contracting. Consumer spending has fallen sharply as confidence hits multi-year lows.,Economy,48.5,North America,2024-05-21
Tornado outbreak causes widespread destruction in Pacific Coast,Rescue operations are underway with military and civilian teams searching for survivors. The disaster has overwhelmed local response capabilities and international assistance has been requested.,Disaster,76.3,Oceania,2024-08-04
Drone strikes escalate in South Asia conflict,Reports indicate significant troop movements and artillery exchanges along the front lines. Aid organizations warn of a growing humanitarian crisis in affected areas.,War,66.0,Southeast Asia,2024-12-12
Zero-day exploit actively used against operating system installations,Security researchers have confirmed the severity of the breach affecting systems worldwide. Organizations are scrambling to patch vulnerabilities and assess the extent of data compromise.,Tech,32.0,Africa,2024-07-10
Tornado outbreak causes widespread destruction in Andes Region,Emergency response teams are mobilizing to affected areas as the scale of destruction becomes apparent. Thousands have been displaced and critical infrastructure has been severely damaged.,Disaster,90.7,Southeast Asia,2024-03-09
Pension fund losses threaten retirement savings for millions,The crisis threatens to spill over into emerging markets creating a cascade of financial instability. International lending institutions are mobilizing emergency support packages.,Economy,64.1,East Asia,2024-04-02
Cloud service provider outage affects 2 million users worldwide,Security researchers have confirmed the severity of the breach affecting systems worldwide. Organizations are scrambling to patch vulnerabilities and assess the extent of data compromise.,Tech,42.7,Middle East,2024-02-04
Coalition airstrikes target positions in Korean Peninsula,Intelligence sources confirm escalation of hostilities with heavy weaponry deployed. Diplomatic channels remain strained as both sides refuse to back down from their positions.,War,66.6,South Asia,2024-11-15
Iran imposes new sanctions on insurgent groups amid tensions,The conflict has disrupted critical infrastructure including hospitals and schools. International observers call for immediate ceasefire and humanitarian access to affected populations.,War,46.3,Middle East,2024-11-28
Guerrilla attacks disrupt supply lines in South Asia,The conflict has disrupted critical infrastructure including hospitals and schools. International observers call for immediate ceasefire and humanitarian access to affected populations.,War,73.5,Southeast Asia,2024-10-07
AI-generated misinformation campaign influences corporate executives,Users are advised to change credentials and monitor accounts for suspicious activity. The full scope of the impact is still being assessed as forensic analysis continues.,Tech,31.1,Oceania,2024-03-17
Tech giant faces antitrust action over content moderation,Users are advised to change credentials and monitor accounts for suspicious activity. The full scope of the impact is still being assessed as forensic analysis continues.,Tech,41.6,South America,2024-06-27
Zero-day exploit actively used against web framework installations,The incident highlights growing concerns about cybersecurity preparedness in critical sectors. Government agencies are investigating and coordinating response efforts with private sector partners.,Tech,73.1,South Asia,2024-05-29
Blizzard paralyzes transportation across Mediterranean,The death toll is expected to rise as teams reach isolated communities cut off by the disaster. Hospitals are operating beyond capacity and medical supplies are running critically low.,Disaster,62.2,North America,2024-07-01
Military forces deploy to South Asia as tensions escalate,Reports indicate significant troop movements and artillery exchanges along the front lines. Aid organizations warn of a growing humanitarian crisis in affected areas.,War,88.2,Europe,2024-07-30
Autonomous weapons deployment sparks international debate,Experts warn this represents a new class of technological threat requiring updated defense strategies. The attack vector exploited known weaknesses that had not been adequately addressed.,Tech,20.4,Southeast Asia,2024-06-19
Category 3 hurricane makes landfall in Central Europe,The death toll is expected to rise as teams reach isolated communities cut off by the disaster. Hospitals are operating beyond capacity and medical supplies are running critically low.,Disaster,52.5,Africa,2024-07-09
Russia mobilizes reserve forces amid Sub-Saharan Africa crisis,Intelligence sources confirm escalation of hostilities with heavy weaponry deployed. Diplomatic channels remain strained as both sides refuse to back down from their positions.,War,81.4,South Asia,2024-08-11
Central bank freezes interest rates to combat debt default,The crisis threatens to spill over into emerging markets creating a cascade of financial instability. International lending institutions are mobilizing emergency support packages.,Economy,27.2,South America,2024-04-30
Coalition airstrikes target positions in Sub-Saharan Africa,Reports indicate significant troop movements and artillery exchanges along the front lines. Aid organizations warn of a growing humanitarian crisis in affected areas.,War,49.7,Southeast Asia,2024-06-30
Humanitarian corridor in Eastern Europe comes under fire,Security forces have been placed on high alert following the latest developments. Evacuation of civilians from border areas is underway amid fears of further escalation.,War,45.1,Oceania,2024-12-17
Military coup attempt reported in United States,Intelligence sources confirm escalation of hostilities with heavy weaponry deployed. Diplomatic channels remain strained as both sides refuse to back down from their positions.,War,59.3,Southeast Asia,2024-10-23
Russia launches military campaign in Eastern Europe,Reports indicate significant troop movements and artillery exchanges along the front lines. Aid organizations warn of a growing humanitarian crisis in affected areas.,War,56.2,South America,2024-12-12
Weapons shipment intercepted near South Asia conflict zone,Security forces have been placed on high alert following the latest developments. Evacuation of civilians from border areas is underway amid fears of further escalation.,War,64.0,Oceania,2024-04-22
Rising sea levels inundate coastal areas in Andes Region,The death toll is expected to rise as teams reach isolated communities cut off by the disaster. Hospitals are operating beyond capacity and medical supplies are running critically low.,Disaster,80.8,East Asia,2024-09-04
Israel imposes new sanctions on insurgent groups amid tensions,The conflict has disrupted critical infrastructure including hospitals and schools. International observers call for immediate ceasefire and humanitarian access to affected populations.,War,54.9,South Asia,2024-03-23
Social media platform suffers 12-hour global outage,Users are advised to change credentials and monitor accounts for suspicious activity. The full scope of the impact is still being assessed as forensic analysis continues.,Tech,48.7,Southeast Asia,2024-03-27
Major data breach exposes 100 million records at global tech firm,The incident highlights growing concerns about cybersecurity preparedness in critical sectors. Government agencies are investigating and coordinating response efforts with private sector partners.,Tech,52.6,Oceania,2024-04-02
Peace talks between Iran and opposition forces collapse,The situation continues to deteriorate as military operations expand across the region. Civilian casualties are mounting and international pressure grows for a diplomatic resolution.,War,80.3,Africa,2024-12-08
United States imposes new sanctions on opposition forces amid tensions,Security forces have been placed on high alert following the latest developments. Evacuation of civilians from border areas is underway amid fears of further escalation.,War,75.6,South America,2024-08-21
Banking crisis deepens as deposits withdrawn en masse,International trade flows have been significantly disrupted affecting supply chains globally. Companies report declining revenues and are implementing cost-cutting measures including layoffs.,Economy,41.5,North America,2024-11-06
Supply chain disruption causes technology shortage globally,The economic impact is being felt across multiple sectors with manufacturing and services both contracting. Consumer spending has fallen sharply as confidence hits multi-year lows.,Economy,50.5,Oceania,2024-04-25
Military coup attempt reported in China,Security forces have been placed on high alert following the latest developments. Evacuation of civilians from border areas is underway amid fears of further escalation.,War,74.8,Southeast Asia,2024-07-14
Forest fire smoke blankets Southeast Asia causing health emergency,Rescue operations are underway with military and civilian teams searching for survivors. The disaster has overwhelmed local response capabilities and international assistance has been requested.,Disaster,84.3,Africa,2024-09-22
Inflation hits 40-year high across European,Central banks face difficult policy decisions as traditional monetary tools prove insufficient. Fiscal stimulus packages are being debated but political divisions slow implementation.,Economy,30.1,Middle East,2024-03-01
Peace talks between Israel and opposition forces collapse,The situation continues to deteriorate as military operations expand across the region. Civilian casualties are mounting and international pressure grows for a diplomatic resolution.,War,85.6,Oceania,2024-12-19
Armed conflict worsens near Korean Peninsula border,Intelligence sources confirm escalation of hostilities with heavy weaponry deployed. Diplomatic channels remain strained as both sides refuse to back down from their positions.,War,61.9,Southeast Asia,2024-05-22
Ethnic violence erupts across Middle East provinces,Reports indicate significant troop movements and artillery exchanges along the front lines. Aid organizations warn of a growing humanitarian crisis in affected areas.,War,53.3,Africa,2024-09-03
Major data breach exposes 200 million records at social media giant,Users are advised to change credentials and monitor accounts for suspicious activity. The full scope of the impact is still being assessed as forensic analysis continues.,Tech,56.3,South America,2024-11-12
UN condemns military aggression in Eastern Europe,The conflict has disrupted critical infrastructure including hospitals and schools. International observers call for immediate ceasefire and humanitarian access to affected populations.,War,49.1,Oceania,2024-06-10
Sandstorm engulfs cities across Mediterranean halting transportation,Climate scientists link the disaster to changing weather patterns and warn of increased frequency of such events. Reconstruction costs are estimated in the billions of dollars.,Disaster,51.6,Europe,2024-12-13
Biometric data leak compromises identity security for millions,Security researchers have confirmed the severity of the breach affecting systems worldwide. Organizations are scrambling to patch vulnerabilities and assess the extent of data compromise.,Tech,54.0,Africa,2024-12-03
Volcanic eruption in Southeast Asia forces mass evacuation,Satellite imagery reveals the full extent of devastation across the affected region. Agricultural land has been destroyed threatening food security for the coming season.,Disaster,65.1,Europe,2024-07-30
North American currency crashes against major trading pairs,International trade flows have been significantly disrupted affecting supply chains globally. Companies report declining revenues and are implementing cost-cutting measures including layoffs.,Economy,39.4,Europe,2024-03-28
Severe drought threatens food supply across Caribbean,The death toll is expected to rise as teams reach isolated communities cut off by the disaster. Hospitals are operating beyond capacity and medical supplies are running critically low.,Disaster,65.4,South America,2024-12-31
Severe drought threatens food supply across Central America,Satellite imagery reveals the full extent of devastation across the affected region. Agricultural land has been destroyed threatening food security for the coming season.,Disaster,100.0,East Asia,2024-09-11
Asia-Pacific GDP contracts by 3.2% in latest quarter,International trade flows have been significantly disrupted affecting supply chains globally. Companies report declining revenues and are implementing cost-cutting measures including layoffs.,Economy,54.5,North America,2024-03-18
Critical vulnerability found in enterprise software affecting millions,The incident highlights growing concerns about cybersecurity preparedness in critical sectors. Government agencies are investigating and coordinating response efforts with private sector partners.,Tech,79.4,South America,2024-09-02
Tech giant faces antitrust action over market dominance,Security researchers have confirmed the severity of the breach affecting systems worldwide. Organizations are scrambling to patch vulnerabilities and assess the extent of data compromise.,Tech,42.3,Southeast Asia,2024-10-09
Border clashes intensify between United States and neighboring state,Intelligence sources confirm escalation of hostilities with heavy weaponry deployed. Diplomatic channels remain strained as both sides refuse to back down from their positions.,War,53.9,East Asia,2024-01-20
Blizzard paralyzes transportation across Oceania,Rescue operations are underway with military and civilian teams searching for survivors. The disaster has overwhelmed local response capabilities and international assistance has been requested.,Disaster,79.1,Oceania,2024-03-12
Autonomous weapons deployment sparks international debate,The technology implications extend beyond immediate damage raising questions about regulatory oversight. Industry leaders call for updated frameworks to address emerging digital threats.,Tech,50.6,North America,2024-06-25
Sandstorm engulfs cities across Central America halting transportation,Climate scientists link the disaster to changing weather patterns and warn of increased frequency of such events. Reconstruction costs are estimated in the billions of dollars.,Disaster,95.2,Europe,2024-03-28
Commodity prices spike disrupting global trade flows,The crisis threatens to spill over into emerging markets creating a cascade of financial instability. International lending institutions are mobilizing emergency support packages.,Economy,28.6,Oceania,2024-10-14
Autonomous drone incident raises safety concerns globally,Users are advised to change credentials and monitor accounts for suspicious activity. The full scope of the impact is still being assessed as forensic analysis continues.,Tech,58.7,Southeast Asia,2024-05-02
Tech giant faces antitrust action over content moderation,Users are advised to change credentials and monitor accounts for suspicious activity. The full scope of the impact is still being assessed as forensic analysis continues.,Tech,55.7,East Asia,2024-05-13
Pension fund losses threaten retirement savings for millions,The crisis threatens to spill over into emerging markets creating a cascade of financial instability. International lending institutions are mobilizing emergency support packages.,Economy,83.3,North America,2024-06-19
Dam failure floods downstream communities in Caribbean,The death toll is expected to rise as teams reach isolated communities cut off by the disaster. Hospitals are operating beyond capacity and medical supplies are running critically low.,Disaster,59.4,Oceania,2024-05-20
Supply chain disruption causes technology shortage globally,The crisis threatens to spill over into emerging markets creating a cascade of financial instability. International lending institutions are mobilizing emergency support packages.,Economy,42.7,Oceania,2024-11-05
Quantum computing breakthrough threatens encryption standards,Experts warn this represents a new class of technological threat requiring updated defense strategies. The attack vector exploited known weaknesses that had not been adequately addressed.,Tech,74.9,Africa,2024-02-23
Tsunami warning issued after undersea earthquake near Oceania,Emergency response teams are mobilizing to affected areas as the scale of destruction becomes apparent. Thousands have been displaced and critical infrastructure has been severely damaged.,Disaster,67.3,South Asia,2024-08-27
Consumer confidence plummets to record low in North American,The crisis threatens to spill over into emerging markets creating a cascade of financial instability. International lending institutions are mobilizing emergency support packages.,Economy,42.8,East Asia,2024-01-12
Deepfake technology used in fraud operation targeting elections,The incident highlights growing concerns about cybersecurity preparedness in critical sectors. Government agencies are investigating and coordinating response efforts with private sector partners.,Tech,56.2,South Asia,2024-03-26
Monsoon flooding displaces millions in Central Europe,Climate scientists link the disaster to changing weather patterns and warn of increased frequency of such events. Reconstruction costs are estimated in the billions of dollars.,Disaster,69.3,North America,2024-01-24
Magnitude 8.1 earthquake strikes South Asia causing widespread destruction,Satellite imagery reveals the full extent of devastation across the affected region. Agricultural land has been destroyed threatening food security for the coming season.,Disaster,59.6,Europe,2024-02-07
Unemployment surges to 12% in North American,Financial analysts warn of prolonged economic downturn as key indicators continue to decline. Markets have shown extreme volatility with investors moving to safe-haven assets.,Economy,52.3,East Asia,2024-10-26
Monsoon flooding displaces millions in Central Europe,Climate scientists link the disaster to changing weather patterns and warn of increased frequency of such events. Reconstruction costs are estimated in the billions of dollars.,Disaster,66.2,North America,2024-01-15
AI system failure causes widespread financial disruption,Security researchers have confirmed the severity of the breach affecting systems worldwide. Organizations are scrambling to patch vulnerabilities and assess the extent of data compromise.,Tech,65.0,Southeast Asia,2024-12-10
Major data breach exposes 2 million records at financial platform,Security researchers have confirmed the severity of the breach affecting systems worldwide. Organizations are scrambling to patch vulnerabilities and assess the extent of data compromise.,Tech,49.1,East Asia,2024-10-01
Zero-day exploit actively used against enterprise software installations,Security researchers have confirmed the severity of the breach affecting systems worldwide. Organizations are scrambling to patch vulnerabilities and assess the extent of data compromise.,Tech,66.7,South America,2024-12-12
UN condemns military aggression in Middle East,Security forces have been placed on high alert following the latest developments. Evacuation of civilians from border areas is underway amid fears of further escalation.,War,51.7,Africa,2024-12-07
Ransomware attack cripples transportation systems across global,Users are advised to change credentials and monitor accounts for suspicious activity. The full scope of the impact is still being assessed as forensic analysis continues.,Tech,53.2,South America,2024-04-06
Naval blockade imposed on Sub-Saharan Africa ports by Israel,Intelligence sources confirm escalation of hostilities with heavy weaponry deployed. Diplomatic channels remain strained as both sides refuse to back down from their positions.,War,65.1,East Asia,2024-10-10
Deepfake technology used in fraud operation targeting government officials,Security researchers have confirmed the severity of the breach affecting systems worldwide. Organizations are scrambling to patch vulnerabilities and assess the extent of data compromise.,Tech,58.7,South America,2024-09-12
Naval blockade imposed on South Asia ports by Israel,Reports indicate significant troop movements and artillery exchanges along the front lines. Aid organizations warn of a growing humanitarian crisis in affected areas.,War,82.2,Oceania,2024-05-14
Critical infrastructure hack exposes transportation vulnerabilities,The incident highlights growing concerns about cybersecurity preparedness in critical sectors. Government agencies are investigating and coordinating response efforts with private sector partners.,Tech,79.8,Southeast Asia,2024-06-02
Stock exchange halts trading after 8.5% single-day drop,Central banks face difficult policy decisions as traditional monetary tools prove insufficient. Fiscal stimulus packages are being debated but political divisions slow implementation.,Economy,52.4,East Asia,2024-04-11
Critical vulnerability found in enterprise software affecting millions,Experts warn this represents a new class of technological threat requiring updated defense strategies. The attack vector exploited known weaknesses that had not been adequately addressed.,Tech,51.3,South America,2024-03-08
Ethnic violence erupts across Southeast Asia provinces,The conflict has disrupted critical infrastructure including hospitals and schools. International observers call for immediate ceasefire and humanitarian access to affected populations.,War,57.6,Oceania,2024-01-06
Deepfake technology used in phishing operation targeting corporate executives,Users are advised to change credentials and monitor accounts for suspicious activity. The full scope of the impact is still being assessed as forensic analysis continues.,Tech,64.1,Middle East,2024-05-06
Drone strikes escalate in Southeast Asia conflict,Intelligence sources confirm escalation of hostilities with heavy weaponry deployed. Diplomatic channels remain strained as both sides refuse to back down from their positions.,War,90.3,North America,2024-02-17
AI-generated misinformation campaign influences corporate executives,Users are advised to change credentials and monitor accounts for suspicious activity. The full scope of the impact is still being assessed as forensic analysis continues.,Tech,50.7,Middle East,2024-08-16
Devastating floods hit Mediterranean after record rainfall,Rescue operations are underway with military and civilian teams searching for survivors. The disaster has overwhelmed local response capabilities and international assistance has been requested.,Disaster,92.1,South America,2024-06-12
AI-generated misinformation campaign influences corporate executives,The technology implications extend beyond immediate damage raising questions about regulatory oversight. Industry leaders call for updated frameworks to address emerging digital threats.,Tech,36.2,Middle East,2024-06-17
Mass surveillance technology exported to authoritarian regimes,The technology implications extend beyond immediate damage raising questions about regulatory oversight. Industry leaders call for updated frameworks to address emerging digital threats.,Tech,51.0,Oceania,2024-08-24
250 casualties reported in Southeast Asia shelling,Reports indicate significant troop movements and artillery exchanges along the front lines. Aid organizations warn of a growing humanitarian crisis in affected areas.,War,51.4,Africa,2024-10-08
Category 5 hurricane makes landfall in Andes Region,Emergency response teams are mobilizing to affected areas as the scale of destruction becomes apparent. Thousands have been displaced and critical infrastructure has been severely damaged.,Disaster,71.6,Middle East,2024-06-13
Pakistan imposes new sanctions on opposition forces amid tensions,Reports indicate significant troop movements and artillery exchanges along the front lines. Aid organizations warn of a growing humanitarian crisis in affected areas.,War,59.8,North America,2024-10-23
AI model training data poisoning attack discovered at scale,The incident highlights growing concerns about cybersecurity preparedness in critical sectors. Government agencies are investigating and coordinating response efforts with private sector partners.,Tech,50.4,South Asia,2024-10-13
Glacier collapse triggers massive flooding in Mediterranean,Climate scientists link the disaster to changing weather patterns and warn of increased frequency of such events. Reconstruction costs are estimated in the billions of dollars.,Disaster,76.1,Middle East,2024-06-23
Economic sanctions create severe shortages in Japan,The economic impact is being felt across multiple sectors with manufacturing and services both contracting. Consumer spending has fallen sharply as confidence hits multi-year lows.,Economy,76.2,Oceania,2024-04-16
Deadly landslide buries homes in East Africa after heavy rains,Rescue operations are underway with military and civilian teams searching for survivors. The disaster has overwhelmed local response capabilities and international assistance has been requested.,Disaster,61.0,Africa,2024-12-22
UN condemns military aggression in North Africa,The situation continues to deteriorate as military operations expand across the region. Civilian casualties are mounting and international pressure grows for a diplomatic resolution.,War,86.6,East Asia,2024-04-26
Autonomous aircraft incident raises safety concerns globally,Experts warn this represents a new class of technological threat requiring updated defense strategies. The attack vector exploited known weaknesses that had not been adequately addressed.,Tech,28.5,Middle East,2024-02-27
Weapons shipment intercepted near Korean Peninsula conflict zone,Intelligence sources confirm escalation of hostilities with heavy weaponry deployed. Diplomatic channels remain strained as both sides refuse to back down from their positions.,War,78.4,Middle East,2024-10-03
Coalition airstrikes target positions in North Africa,The conflict has disrupted critical infrastructure including hospitals and schools. International observers call for immediate ceasefire and humanitarian access to affected populations.,War,85.4,Oceania,2024-09-04
Magnitude 8.1 earthquake strikes Oceania causing widespread destruction,Climate scientists link the disaster to changing weather patterns and warn of increased frequency of such events. Reconstruction costs are estimated in the billions of dollars.,Disaster,64.4,North America,2024-07-07
Tropical cyclone Michael intensifies threatening Caribbean,The death toll is expected to rise as teams reach isolated communities cut off by the disaster. Hospitals are operating beyond capacity and medical supplies are running critically low.,Disaster,61.4,South America,2024-01-25
Trade war escalates as South Korea imposes tariffs on energy,The crisis threatens to spill over into emerging markets creating a cascade of financial instability. International lending institutions are mobilizing emergency support packages.,Economy,70.4,Africa,2024-01-27
Guerrilla attacks disrupt supply lines in Sub-Saharan Africa,Intelligence sources confirm escalation of hostilities with heavy weaponry deployed. Diplomatic channels remain strained as both sides refuse to back down from their positions.,War,47.2,South Asia,2024-03-07
European GDP contracts by 4.7% in latest quarter,The crisis threatens to spill over into emerging markets creating a cascade of financial instability. International lending institutions are mobilizing emergency support packages.,Economy,40.0,Europe,2024-02-26
Peace talks between Turkey and separatist groups collapse,Reports indicate significant troop movements and artillery exchanges along the front lines. Aid organizations warn of a growing humanitarian crisis in affected areas.,War,55.3,South America,2024-02-13
Guerrilla attacks disrupt supply lines in Southeast Asia,The situation continues to deteriorate as military operations expand across the region. Civilian casualties are mounting and international pressure grows for a diplomatic resolution.,War,82.8,South America,2024-03-19
Banking crisis deepens as deposits withdrawn en masse,The economic impact is being felt across multiple sectors with manufacturing and services both contracting. Consumer spending has fallen sharply as confidence hits multi-year lows.,Economy,47.8,Middle East,2024-09-13
UN condemns military aggression in Southeast Asia,Intelligence sources confirm escalation of hostilities with heavy weaponry deployed. Diplomatic channels remain strained as both sides refuse to back down from their positions.,War,60.3,Middle East,2024-04-24
Economic sanctions create severe shortages in India,Financial analysts warn of prolonged economic downturn as key indicators continue to decline. Markets have shown extreme volatility with investors moving to safe-haven assets.,Economy,89.1,South Asia,2024-02-23
Banking crisis deepens as deposits withdrawn en masse,International trade flows have been significantly disrupted affecting supply chains globally. Companies report declining revenues and are implementing cost-cutting measures including layoffs.,Economy,29.0,South America,2024-02-17
Ceasefire violations reported across Eastern Europe front lines,The conflict has disrupted critical infrastructure including hospitals and schools. International observers call for immediate ceasefire and humanitarian access to affected populations.,War,64.0,North America,2024-06-29
Quantum computing breakthrough threatens encryption standards,Users are advised to change credentials and monitor accounts for suspicious activity. The full scope of the impact is still being assessed as forensic analysis continues.,Tech,27.9,Southeast Asia,2024-02-09
Tsunami warning issued after undersea earthquake near Pacific Coast,Satellite imagery reveals the full extent of devastation across the affected region. Agricultural land has been destroyed threatening food security for the coming season.,Disaster,92.5,North America,2024-07-31
Military forces deploy to Eastern Europe as tensions escalate,The conflict has disrupted critical infrastructure including hospitals and schools. International observers call for immediate ceasefire and humanitarian access to affected populations.,War,61.2,North America,2024-02-27
Consumer confidence plummets to record low in Asia-Pacific,Financial analysts warn of prolonged economic downturn as key indicators continue to decline. Markets have shown extreme volatility with investors moving to safe-haven assets.,Economy,54.8,Southeast Asia,2024-03-30
Quantum computing breakthrough threatens encryption standards,Experts warn this represents a new class of technological threat requiring updated defense strategies. The attack vector exploited known weaknesses that had not been adequately addressed.,Tech,23.4,Europe,2024-11-16
Monsoon flooding displaces millions in Andes Region,The death toll is expected to rise as teams reach isolated communities cut off by the disaster. Hospitals are operating beyond capacity and medical supplies are running critically low.,Disaster,94.8,East Asia,2024-03-11
12 casualties reported in Middle East bombardment,Intelligence sources confirm escalation of hostilities with heavy weaponry deployed. Diplomatic channels remain strained as both sides refuse to back down from their positions.,War,87.4,East Asia,2024-01-23
Drone strikes escalate in Sub-Saharan Africa conflict,Intelligence sources confirm escalation of hostilities with heavy weaponry deployed. Diplomatic channels remain strained as both sides refuse to back down from their positions.,War,46.4,South Asia,2024-04-03
120 casualties reported in Middle East airstrike,The situation continues to deteriorate as military operations expand across the region. Civilian casualties are mounting and international pressure grows for a diplomatic resolution.,War,92.1,Middle East,2024-10-23
Zero-day exploit actively used against web framework installations,Security researchers have confirmed the severity of the breach affecting systems worldwide. Organizations are scrambling to patch vulnerabilities and assess the extent of data compromise.,Tech,49.8,North America,2024-02-05
Drone strikes escalate in Sub-Saharan Africa conflict,The conflict has disrupted critical infrastructure including hospitals and schools. International observers call for immediate ceasefire and humanitarian access to affected populations.,War,65.0,Middle East,2024-03-11
Mass surveillance technology exported to authoritarian regimes,Users are advised to change credentials and monitor accounts for suspicious activity. The full scope of the impact is still being assessed as forensic analysis continues.,Tech,40.9,South Asia,2024-08-13
Tropical cyclone Harvey intensifies threatening Andes Region,Rescue operations are underway with military and civilian teams searching for survivors. The disaster has overwhelmed local response capabilities and international assistance has been requested.,Disaster,95.2,East Asia,2024-05-27
Military forces deploy to Sub-Saharan Africa as tensions escalate,Reports indicate significant troop movements and artillery exchanges along the front lines. Aid organizations warn of a growing humanitarian crisis in affected areas.,War,67.5,East Asia,2024-01-04
Sandstorm engulfs cities across Southeast Asia halting transportation,The death toll is expected to rise as teams reach isolated communities cut off by the disaster. Hospitals are operating beyond capacity and medical supplies are running critically low.,Disaster,92.1,Europe,2024-11-01
Cloud service provider outage affects 100 million users worldwide,The technology implications extend beyond immediate damage raising questions about regulatory oversight. Industry leaders call for updated frameworks to address emerging digital threats.,Tech,33.3,Middle East,2024-06-02
China launches military campaign in Eastern Europe,The conflict has disrupted critical infrastructure including hospitals and schools. International observers call for immediate ceasefire and humanitarian access to affected populations.,War,72.6,Southeast Asia,2024-03-06
North Korea mobilizes reserve forces amid Sub-Saharan Africa crisis,Intelligence sources confirm escalation of hostilities with heavy weaponry deployed. Diplomatic channels remain strained as both sides refuse to back down from their positions.,War,48.4,South Asia,2024-01-07
Tornado outbreak causes widespread destruction in Central Europe,Rescue operations are underway with military and civilian teams searching for survivors. The disaster has overwhelmed local response capabilities and international assistance has been requested.,Disaster,86.9,Europe,2024-08-09
Dam failure floods downstream communities in Oceania,Rescue operations are underway with military and civilian teams searching for survivors. The disaster has overwhelmed local response capabilities and international assistance has been requested.,Disaster,60.9,Europe,2024-03-20
Border clashes intensify between Saudi Arabia and insurgent groups,Reports indicate significant troop movements and artillery exchanges along the front lines. Aid organizations warn of a growing humanitarian crisis in affected areas.,War,74.4,North America,2024-02-06
Magnitude 7.9 earthquake strikes Mediterranean causing widespread destruction,Climate scientists link the disaster to changing weather patterns and warn of increased frequency of such events. Reconstruction costs are estimated in the billions of dollars.,Disaster,70.1,Europe,2024-04-12
Ransomware attack cripples telecommunications systems across Asia-Pacific,Security researchers have confirmed the severity of the breach affecting systems worldwide. Organizations are scrambling to patch vulnerabilities and assess the extent of data compromise.,Tech,29.8,Oceania,2024-07-20
UN condemns military aggression in South Asia,Intelligence sources confirm escalation of hostilities with heavy weaponry deployed. Diplomatic channels remain strained as both sides refuse to back down from their positions.,War,71.4,Southeast Asia,2024-04-18
Rebel forces capture key supply depot in North Africa,Intelligence sources confirm escalation of hostilities with heavy weaponry deployed. Diplomatic channels remain strained as both sides refuse to back down from their positions.,War,73.9,South America,2024-01-24
Government debt reaches critical levels in South Korea,The economic impact is being felt across multiple sectors with manufacturing and services both contracting. Consumer spending has fallen sharply as confidence hits multi-year lows.,Economy,37.2,East Asia,2024-11-23
AI system failure causes widespread transportation disruption,The technology implications extend beyond immediate damage raising questions about regulatory oversight. Industry leaders call for updated frameworks to address emerging digital threats.,Tech,37.4,South America,2024-02-16
Missile strikes hit military base in Korean Peninsula overnight,The conflict has disrupted critical infrastructure including hospitals and schools. International observers call for immediate ceasefire and humanitarian access to affected populations.,War,79.5,Middle East,2024-02-22
Guerrilla attacks disrupt supply lines in South Asia,Intelligence sources confirm escalation of hostilities with heavy weaponry deployed. Diplomatic channels remain strained as both sides refuse to back down from their positions.,War,68.1,South America,2024-08-14
European currency crashes against major trading pairs,Central banks face difficult policy decisions as traditional monetary tools prove insufficient. Fiscal stimulus packages are being debated but political divisions slow implementation.,Economy,63.8,South America,2024-04-25
Biometric data leak compromises identity security for millions,The technology implications extend beyond immediate damage raising questions about regulatory oversight. Industry leaders call for updated frameworks to address emerging digital threats.,Tech,73.2,Middle East,2024-06-15
Military coup attempt reported in Israel,The conflict has disrupted critical infrastructure including hospitals and schools. International observers call for immediate ceasefire and humanitarian access to affected populations.,War,80.1,East Asia,2024-10-11
Ceasefire violations reported across Southeast Asia front lines,Security forces have been placed on high alert following the latest developments. Evacuation of civilians from border areas is underway amid fears of further escalation.,War,86.3,East Asia,2024-06-14
Algorithm bias discovered in government decision-making systems,The technology implications extend beyond immediate damage raising questions about regulatory oversight. Industry leaders call for updated frameworks to address emerging digital threats.,Tech,28.2,Southeast Asia,2024-04-04
Unemployment surges to 3.2% in Emerging Market,International trade flows have been significantly disrupted affecting supply chains globally. Companies report declining revenues and are implementing cost-cutting measures including layoffs.,Economy,35.0,East Asia,2024-01-15
Consumer confidence plummets to record low in Emerging Market,Central banks face difficult policy decisions as traditional monetary tools prove insufficient. Fiscal stimulus packages are being debated but political divisions slow implementation.,Economy,38.0,Africa,2024-04-30
Tornado outbreak causes widespread destruction in South Asia,Climate scientists link the disaster to changing weather patterns and warn of increased frequency of such events. Reconstruction costs are estimated in the billions of dollars.,Disaster,73.2,Middle East,2024-05-22
Consumer confidence plummets to record low in Global,International trade flows have been significantly disrupted affecting supply chains globally. Companies report declining revenues and are implementing cost-cutting measures including layoffs.,Economy,51.3,North America,2024-08-09
Trade war escalates as India imposes tariffs on technology,Central banks face difficult policy decisions as traditional monetary tools prove insufficient. Fiscal stimulus packages are being debated but political divisions slow implementation.,Economy,30.4,Southeast Asia,2024-01-08
Massive wildfire spreads across Mediterranean burning 100000 acres,Emergency response teams are mobilizing to affected areas as the scale of destruction becomes apparent. Thousands have been displaced and critical infrastructure has been severely damaged.,Disaster,100.0,Africa,2024-04-05
Government surveillance program exposed by whistleblower,Users are advised to change credentials and monitor accounts for suspicious activity. The full scope of the impact is still being assessed as forensic analysis continues.,Tech,32.1,Europe,2024-09-01
Forest fire smoke blankets Caribbean causing health emergency,Climate scientists link the disaster to changing weather patterns and warn of increased frequency of such events. Reconstruction costs are estimated in the billions of dollars.,Disaster,85.6,Middle East,2024-05-04
Cloud service provider outage affects 15 million users worldwide,Users are advised to change credentials and monitor accounts for suspicious activity. The full scope of the impact is still being assessed as forensic analysis continues.,Tech,72.1,Middle East,2024-09-02
Oil prices collapse after pipeline disruption,The crisis threatens to spill over into emerging markets creating a cascade of financial instability. International lending institutions are mobilizing emergency support packages.,Economy,31.4,Africa,2024-12-04
Mass surveillance technology exported to authoritarian regimes,The technology implications extend beyond immediate damage raising questions about regulatory oversight. Industry leaders call for updated frameworks to address emerging digital threats.,Tech,57.2,Oceania,2024-06-18
Government debt reaches critical levels in European Union,Central banks face difficult policy decisions as traditional monetary tools prove insufficient. Fiscal stimulus packages are being debated but political divisions slow implementation.,Economy,78.0,Europe,2024-06-06
Cloud service provider outage affects 2 million users worldwide,The incident highlights growing concerns about cybersecurity preparedness in critical sectors. Government agencies are investigating and coordinating response efforts with private sector partners.,Tech,51.8,North America,2024-08-04
Rebel forces capture key strategic city in Eastern Europe,Security forces have been placed on high alert following the latest developments. Evacuation of civilians from border areas is underway amid fears of further escalation.,War,61.4,South America,2024-05-22
Asia-Pacific GDP contracts by 6.1% in latest quarter,The crisis threatens to spill over into emerging markets creating a cascade of financial instability. International lending institutions are mobilizing emergency support packages.,Economy,47.1,East Asia,2024-10-20
Pension fund losses threaten retirement savings for millions,The economic impact is being felt across multiple sectors with manufacturing and services both contracting. Consumer spending has fallen sharply as confidence hits multi-year lows.,Economy,54.7,North America,2024-03-05
Pension fund losses threaten retirement savings for millions,Central banks face difficult policy decisions as traditional monetary tools prove insufficient. Fiscal stimulus packages are being debated but political divisions slow implementation.,Economy,65.7,Europe,2024-11-17
North American currency crashes against major trading pairs,Central banks face difficult policy decisions as traditional monetary tools prove insufficient. Fiscal stimulus packages are being debated but political divisions slow implementation.,Economy,77.4,South America,2024-01-27
Major data breach exposes 50 million records at social media giant,Experts warn this represents a new class of technological threat requiring updated defense strategies. The attack vector exploited known weaknesses that had not been adequately addressed.,Tech,71.5,North America,2024-05-13
Glacier collapse triggers massive flooding in Mediterranean,The death toll is expected to rise as teams reach isolated communities cut off by the disaster. Hospitals are operating beyond capacity and medical supplies are running critically low.,Disaster,90.9,Southeast Asia,2024-07-05
Central bank raises interest rates to combat stagflation,The economic impact is being felt across multiple sectors with manufacturing and services both contracting. Consumer spending has fallen sharply as confidence hits multi-year lows.,Economy,70.2,Middle East,2024-12-12
Armed conflict spreads near Korean Peninsula border,Reports indicate significant troop movements and artillery exchanges along the front lines. Aid organizations warn of a growing humanitarian crisis in affected areas.,War,85.3,Europe,2024-01-13
Border clashes intensify between Israel and insurgent groups,The situation continues to deteriorate as military operations expand across the region. Civilian casualties are mounting and international pressure grows for a diplomatic resolution.,War,84.8,North America,2024-06-26
Devastating floods hit Central Europe after record rainfall,Satellite imagery reveals the full extent of devastation across the affected region. Agricultural land has been destroyed threatening food security for the coming season.,Disaster,81.9,Africa,2024-02-22
Banking crisis deepens as deposits withdrawn en masse,Central banks face difficult policy decisions as traditional monetary tools prove insufficient. Fiscal stimulus packages are being debated but political divisions slow implementation.,Economy,61.2,North America,2024-02-16
Humanitarian corridor in South Asia comes under fire,Reports indicate significant troop movements and artillery exchanges along the front lines. Aid organizations warn of a growing humanitarian crisis in affected areas.,War,48.2,Southeast Asia,2024-06-18
Inflation hits 30-year high across Asia-Pacific,Financial analysts warn of prolonged economic downturn as key indicators continue to decline. Markets have shown extreme volatility with investors moving to safe-haven assets.,Economy,43.9,South Asia,2024-02-29
Dam failure floods downstream communities in Andes Region,Satellite imagery reveals the full extent of devastation across the affected region. Agricultural land has been destroyed threatening food security for the coming season.,Disaster,86.7,East Asia,2024-11-15
Major data breach exposes 50 million records at financial platform,The technology implications extend beyond immediate damage raising questions about regulatory oversight. Industry leaders call for updated frameworks to address emerging digital threats.,Tech,40.7,Oceania,2024-03-09
Blizzard paralyzes transportation across Central Europe,The death toll is expected to rise as teams reach isolated communities cut off by the disaster. Hospitals are operating beyond capacity and medical supplies are running critically low.,Disaster,86.1,Africa,2024-04-29
Military forces deploy to Sub-Saharan Africa as tensions escalate,The conflict has disrupted critical infrastructure including hospitals and schools. International observers call for immediate ceasefire and humanitarian access to affected populations.,War,54.7,Southeast Asia,2024-09-10
Military forces deploy to Central Asia as tensions escalate,Reports indicate significant troop movements and artillery exchanges along the front lines. Aid organizations warn of a growing humanitarian crisis in affected areas.,War,77.5,North America,2024-01-16
Banking crisis deepens as deposits withdrawn en masse,The crisis threatens to spill over into emerging markets creating a cascade of financial instability. International lending institutions are mobilizing emergency support packages.,Economy,47.6,South Asia,2024-04-06
Foreign investors flee Asia-Pacific amid economic instability,Central banks face difficult policy decisions as traditional monetary tools prove insufficient. Fiscal stimulus packages are being debated but political divisions slow implementation.,Economy,68.6,Africa,2024-03-17
Housing market bubble bursts in Asia-Pacific,Financial analysts warn of prolonged economic downturn as key indicators continue to decline. Markets have shown extreme volatility with investors moving to safe-haven assets.,Economy,43.3,Africa,2024-02-29
Global markets drop significantly amid fears of stagflation,Central banks face difficult policy decisions as traditional monetary tools prove insufficient. Fiscal stimulus packages are being debated but political divisions slow implementation.,Economy,30.3,South America,2024-05-04
Ceasefire violations reported across Central Asia front lines,The situation continues to deteriorate as military operations expand across the region. Civilian casualties are mounting and international pressure grows for a diplomatic resolution.,War,81.0,East Asia,2024-09-16
Biometric data leak compromises identity security for millions,Security researchers have confirmed the severity of the breach affecting systems worldwide. Organizations are scrambling to patch vulnerabilities and assess the extent of data compromise.,Tech,54.9,Africa,2024-09-08
Trade war escalates as Brazil imposes tariffs on semiconductor,The economic impact is being felt across multiple sectors with manufacturing and services both contracting. Consumer spending has fallen sharply as confidence hits multi-year lows.,Economy,77.2,Southeast Asia,2024-02-05
Social media platform suffers 48-hour global outage,Security researchers have confirmed the severity of the breach affecting systems worldwide. Organizations are scrambling to patch vulnerabilities and assess the extent of data compromise.,Tech,51.0,Southeast Asia,2024-06-18
Ethnic violence erupts across Eastern Europe provinces,The conflict has disrupted critical infrastructure including hospitals and schools. International observers call for immediate ceasefire and humanitarian access to affected populations.,War,92.4,South America,2024-05-03
Glacier collapse triggers massive flooding in Pacific Coast,Satellite imagery reveals the full extent of devastation across the affected region. Agricultural land has been destroyed threatening food security for the coming season.,Disaster,90.1,Africa,2024-11-01
AI system failure causes widespread transportation disruption,The technology implications extend beyond immediate damage raising questions about regulatory oversight. Industry leaders call for updated frameworks to address emerging digital threats.,Tech,31.5,South Asia,2024-06-04
Government surveillance program exposed by whistleblower,The incident highlights growing concerns about cybersecurity preparedness in critical sectors. Government agencies are investigating and coordinating response efforts with private sector partners.,Tech,36.5,South America,2024-11-30
Deadly landslide buries homes in Central America after heavy rains,Climate scientists link the disaster to changing weather patterns and warn of increased frequency of such events. Reconstruction costs are estimated in the billions of dollars.,Disaster,64.6,Africa,2024-09-26
Tech giant faces antitrust action over market dominance,The incident highlights growing concerns about cybersecurity preparedness in critical sectors. Government agencies are investigating and coordinating response efforts with private sector partners.,Tech,31.3,South America,2024-10-31
Commodity prices spike disrupting global trade flows,Financial analysts warn of prolonged economic downturn as key indicators continue to decline. Markets have shown extreme volatility with investors moving to safe-haven assets.,Economy,52.6,South America,2024-06-09
Volcanic eruption in South Asia forces mass evacuation,Satellite imagery reveals the full extent of devastation across the affected region. Agricultural land has been destroyed threatening food security for the coming season.,Disaster,69.6,South Asia,2024-12-13
Extreme heat wave kills 300 across Caribbean,Rescue operations are underway with military and civilian teams searching for survivors. The disaster has overwhelmed local response capabilities and international assistance has been requested.,Disaster,98.6,Southeast Asia,2024-03-07
Dam failure floods downstream communities in Andes Region,Rescue operations are underway with military and civilian teams searching for survivors. The disaster has overwhelmed local response capabilities and international assistance has been requested.,Disaster,95.7,Europe,2024-11-07
Social media platform suffers 48-hour global outage,Security researchers have confirmed the severity of the breach affecting systems worldwide. Organizations are scrambling to patch vulnerabilities and assess the extent of data compromise.,Tech,48.9,Oceania,2024-12-26
Major data breach exposes 50 million records at financial platform,The incident highlights growing concerns about cybersecurity preparedness in critical sectors. Government agencies are investigating and coordinating response efforts with private sector partners.,Tech,63.9,Europe,2024-04-05
Drone strikes escalate in Korean Peninsula conflict,Reports indicate significant troop movements and artillery exchanges along the front lines. Aid organizations warn of a growing humanitarian crisis in affected areas.,War,71.8,Europe,2024-08-04
Major hedge fund faces insolvency sparking contagion fears,Central banks face difficult policy decisions as traditional monetary tools prove insufficient. Fiscal stimulus packages are being debated but political divisions slow implementation.,Economy,31.5,Middle East,2024-08-29
Housing market bubble bursts in Latin American,Financial analysts warn of prolonged economic downturn as key indicators continue to decline. Markets have shown extreme volatility with investors moving to safe-haven assets.,Economy,66.2,East Asia,2024-11-16
Extreme heat wave kills 89 across East Africa,Climate scientists link the disaster to changing weather patterns and warn of increased frequency of such events. Reconstruction costs are estimated in the billions of dollars.,Disaster,86.3,Southeast Asia,2024-08-06
Social media platform suffers 12-hour global outage,Experts warn this represents a new class of technological threat requiring updated defense strategies. The attack vector exploited known weaknesses that had not been adequately addressed.,Tech,37.2,North America,2024-10-15
Category 3 hurricane makes landfall in Central America,Emergency response teams are mobilizing to affected areas as the scale of destruction becomes apparent. Thousands have been displaced and critical infrastructure has been severely damaged.,Disaster,84.4,Africa,2024-01-19
Social media platform suffers 6-hour global outage,The technology implications extend beyond immediate damage raising questions about regulatory oversight. Industry leaders call for updated frameworks to address emerging digital threats.,Tech,44.1,Oceania,2024-04-21
Ethnic violence erupts across Sub-Saharan Africa provinces,The conflict has disrupted critical infrastructure including hospitals and schools. International observers call for immediate ceasefire and humanitarian access to affected populations.,War,45.5,South America,2024-12-19
AI model training data poisoning attack discovered at scale,The incident highlights growing concerns about cybersecurity preparedness in critical sectors. Government agencies are investigating and coordinating response efforts with private sector partners.,Tech,39.6,Southeast Asia,2024-08-09
Pension fund losses threaten retirement savings for millions,The crisis threatens to spill over into emerging markets creating a cascade of financial instability. International lending institutions are mobilizing emergency support packages.,Economy,50.8,Southeast Asia,2024-12-29
Weapons shipment intercepted near Sub-Saharan Africa conflict zone,Security forces have been placed on high alert following the latest developments. Evacuation of civilians from border areas is underway amid fears of further escalation.,War,50.3,South Asia,2024-11-21
Border clashes intensify between Israel and insurgent groups,Security forces have been placed on high alert following the latest developments. Evacuation of civilians from border areas is underway amid fears of further escalation.,War,76.3,East Asia,2024-08-13
Critical infrastructure hack exposes energy vulnerabilities,Security researchers have confirmed the severity of the breach affecting systems worldwide. Organizations are scrambling to patch vulnerabilities and assess the extent of data compromise.,Tech,37.1,North America,2024-04-16
Severe drought threatens food supply across Central Europe,Emergency response teams are mobilizing to affected areas as the scale of destruction becomes apparent. Thousands have been displaced and critical infrastructure has been severely damaged.,Disaster,94.1,South America,2024-06-17
Sandstorm engulfs cities across Oceania halting transportation,The death toll is expected to rise as teams reach isolated communities cut off by the disaster. Hospitals are operating beyond capacity and medical supplies are running critically low.,Disaster,85.9,Middle East,2024-04-13
Global markets crash amid fears of stagflation,Central banks face difficult policy decisions as traditional monetary tools prove insufficient. Fiscal stimulus packages are being debated but political divisions slow implementation.,Economy,47.8,Europe,2024-06-17
Tech giant faces antitrust action over data privacy,The technology implications extend beyond immediate damage raising questions about regulatory oversight. Industry leaders call for updated frameworks to address emerging digital threats.,Tech,61.1,South Asia,2024-07-31
Military coup attempt reported in North Korea,The situation continues to deteriorate as military operations expand across the region. Civilian casualties are mounting and international pressure grows for a diplomatic resolution.,War,47.5,Oceania,2024-01-08
Volcanic eruption in Andes Region forces mass evacuation,Rescue operations are underway with military and civilian teams searching for survivors. The disaster has overwhelmed local response capabilities and international assistance has been requested.,Disaster,79.4,South America,2024-02-03
Oil prices surge after geopolitical tensions,Central banks face difficult policy decisions as traditional monetary tools prove insufficient. Fiscal stimulus packages are being debated but political divisions slow implementation.,Economy,64.0,South America,2024-03-12
Devastating floods hit South Asia after record rainfall,Rescue operations are underway with military and civilian teams searching for survivors. The disaster has overwhelmed local response capabilities and international assistance has been requested.,Disaster,56.1,North America,2024-06-10
Credit rating downgrade hits Japan government bonds,The crisis threatens to spill over into emerging markets creating a cascade of financial instability. International lending institutions are mobilizing emergency support packages.,Economy,60.2,North America,2024-12-10
Biometric data leak compromises identity security for millions,The technology implications extend beyond immediate damage raising questions about regulatory oversight. Industry leaders call for updated frameworks to address emerging digital threats.,Tech,21.7,Southeast Asia,2024-04-02
Commodity prices spike disrupting global trade flows,Central banks face difficult policy decisions as traditional monetary tools prove insufficient. Fiscal stimulus packages are being debated but political divisions slow implementation.,Economy,59.6,Europe,2024-08-28
Blizzard paralyzes transportation across South Asia,Rescue operations are underway with military and civilian teams searching for survivors. The disaster has overwhelmed local response capabilities and international assistance has been requested.,Disaster,96.1,North America,2024-04-05
Forest fire smoke blankets Andes Region causing health emergency,Climate scientists link the disaster to changing weather patterns and warn of increased frequency of such events. Reconstruction costs are estimated in the billions of dollars.,Disaster,51.0,Africa,2024-01-23
Military forces deploy to Central Asia as tensions escalate,Intelligence sources confirm escalation of hostilities with heavy weaponry deployed. Diplomatic channels remain strained as both sides refuse to back down from their positions.,War,80.1,East Asia,2024-06-05
Devastating floods hit Central Europe after record rainfall,Rescue operations are underway with military and civilian teams searching for survivors. The disaster has overwhelmed local response capabilities and international assistance has been requested.,Disaster,82.3,North America,2024-03-30
Drone strikes escalate in Korean Peninsula conflict,Security forces have been placed on high alert following the latest developments. Evacuation of civilians from border areas is underway amid fears of further escalation.,War,56.0,Southeast Asia,2024-09-05
Foreign investors flee Latin American amid economic instability,Central banks face difficult policy decisions as traditional monetary tools prove insufficient. Fiscal stimulus packages are being debated but political divisions slow implementation.,Economy,67.0,East Asia,2024-09-13
Housing market bubble bursts in Latin American,International trade flows have been significantly disrupted affecting supply chains globally. Companies report declining revenues and are implementing cost-cutting measures including layoffs.,Economy,61.4,Southeast Asia,2024-05-19
Category 3 hurricane makes landfall in Oceania,Satellite imagery reveals the full extent of devastation across the affected region. Agricultural land has been destroyed threatening food security for the coming season.,Disaster,97.9,South Asia,2024-12-07
Guerrilla attacks disrupt supply lines in Eastern Europe,Security forces have been placed on high alert following the latest developments. Evacuation of civilians from border areas is underway amid fears of further escalation.,War,61.8,Southeast Asia,2024-03-25
Ransomware attack cripples transportation systems across European,Security researchers have confirmed the severity of the breach affecting systems worldwide. Organizations are scrambling to patch vulnerabilities and assess the extent of data compromise.,Tech,24.5,Europe,2024-07-13
Saudi Arabia imposes new sanctions on separatist groups amid tensions,Security forces have been placed on high alert following the latest developments. Evacuation of civilians from border areas is underway amid fears of further escalation.,War,72.7,South Asia,2024-08-05
Foreign investors flee Latin American amid economic instability,International trade flows have been significantly disrupted affecting supply chains globally. Companies report declining revenues and are implementing cost-cutting measures including layoffs.,Economy,31.4,Southeast Asia,2024-10-19
Stock exchange halts trading after 12% single-day drop,The economic impact is being felt across multiple sectors with manufacturing and services both contracting. Consumer spending has fallen sharply as confidence hits multi-year lows.,Economy,78.1,South America,2024-09-07
Credit rating downgrade hits South Korea government bonds,Central banks face difficult policy decisions as traditional monetary tools prove insufficient. Fiscal stimulus packages are being debated but political divisions slow implementation.,Economy,29.3,North America,2024-08-11
Forest fire smoke blankets Central America causing health emergency,Climate scientists link the disaster to changing weather patterns and warn of increased frequency of such events. Reconstruction costs are estimated in the billions of dollars.,Disaster,67.6,South Asia,2024-11-28
Critical infrastructure hack exposes transportation vulnerabilities,The technology implications extend beyond immediate damage raising questions about regulatory oversight. Industry leaders call for updated frameworks to address emerging digital threats.,Tech,51.9,Oceania,2024-03-18
Tsunami warning issued after undersea earthquake near Pacific Coast,Emergency response teams are mobilizing to affected areas as the scale of destruction becomes apparent. Thousands have been displaced and critical infrastructure has been severely damaged.,Disaster,77.5,South America,2024-04-07
Tropical cyclone Harvey intensifies threatening Oceania,Satellite imagery reveals the full extent of devastation across the affected region. Agricultural land has been destroyed threatening food security for the coming season.,Disaster,52.0,South Asia,2024-11-10
AI system failure causes widespread transportation disruption,The incident highlights growing concerns about cybersecurity preparedness in critical sectors. Government agencies are investigating and coordinating response efforts with private sector partners.,Tech,65.9,North America,2024-06-01
Tech giant faces antitrust action over market dominance,Experts warn this represents a new class of technological threat requiring updated defense strategies. The attack vector exploited known weaknesses that had not been adequately addressed.,Tech,58.6,Oceania,2024-10-31
47 casualties reported in South Asia airstrike,Security forces have been placed on high alert following the latest developments. Evacuation of civilians from border areas is underway amid fears of further escalation.,War,58.8,Oceania,2024-11-01
AI model training data poisoning attack discovered at scale,The technology implications extend beyond immediate damage raising questions about regulatory oversight. Industry leaders call for updated frameworks to address emerging digital threats.,Tech,35.4,Southeast Asia,2024-07-05
Foreign investors flee Latin American amid economic instability,International trade flows have been significantly disrupted affecting supply chains globally. Companies report declining revenues and are implementing cost-cutting measures including layoffs.,Economy,50.0,South America,2024-06-09
Social media platform suffers 48-hour global outage,Security researchers have confirmed the severity of the breach affecting systems worldwide. Organizations are scrambling to patch vulnerabilities and assess the extent of data compromise.,Tech,57.0,South Asia,2024-03-01
Housing market bubble bursts in Global,The crisis threatens to spill over into emerging markets creating a cascade of financial instability. International lending institutions are mobilizing emergency support packages.,Economy,57.9,South Asia,2024-07-14
Border clashes intensify between Pakistan and neighboring state,The situation continues to deteriorate as military operations expand across the region. Civilian casualties are mounting and international pressure grows for a diplomatic resolution.,War,73.7,Africa,2024-09-02
Deepfake technology used in phishing operation targeting public opinion,The technology implications extend beyond immediate damage raising questions about regulatory oversight. Industry leaders call for updated frameworks to address emerging digital threats.,Tech,25.4,Africa,2024-06-12
Rising sea levels inundate coastal areas in Caribbean,The death toll is expected to rise as teams reach isolated communities cut off by the disaster. Hospitals are operating beyond capacity and medical supplies are running critically low.,Disaster,61.6,South America,2024-10-24
Ransomware attack cripples transportation systems across North American,Users are advised to change credentials and monitor accounts for suspicious activity. The full scope of the impact is still being assessed as forensic analysis continues.,Tech,64.7,Southeast Asia,2024-04-01
AI system failure causes widespread service disruption,Experts warn this represents a new class of technological threat requiring updated defense strategies. The attack vector exploited known weaknesses that had not been adequately addressed.,Tech,56.0,Middle East,2024-02-01
Quantum computing breakthrough threatens encryption standards,The technology implications extend beyond immediate damage raising questions about regulatory oversight. Industry leaders call for updated frameworks to address emerging digital threats.,Tech,25.0,Oceania,2024-08-16
Extreme heat wave kills 89 across Mediterranean,Rescue operations are underway with military and civilian teams searching for survivors. The disaster has overwhelmed local response capabilities and international assistance has been requested.,Disaster,77.7,Oceania,2024-06-30
Tsunami warning issued after undersea earthquake near East Africa,Emergency response teams are mobilizing to affected areas as the scale of destruction becomes apparent. Thousands have been displaced and critical infrastructure has been severely damaged.,Disaster,91.6,South Asia,2024-05-19
Sandstorm engulfs cities across Mediterranean halting transportation,Rescue operations are underway with military and civilian teams searching for survivors. The disaster has overwhelmed local response capabilities and international assistance has been requested.,Disaster,81.9,South America,2024-09-25
Magnitude 7.4 earthquake strikes Oceania causing widespread destruction,Rescue operations are underway with military and civilian teams searching for survivors. The disaster has overwhelmed local response capabilities and international assistance has been requested.,Disaster,86.3,East Asia,2024-06-13
Sandstorm engulfs cities across East Africa halting transportation,Climate scientists link the disaster to changing weather patterns and warn of increased frequency of such events. Reconstruction costs are estimated in the billions of dollars.,Disaster,95.1,Europe,2024-04-11
Humanitarian corridor in Southeast Asia comes under fire,Reports indicate significant troop movements and artillery exchanges along the front lines. Aid organizations warn of a growing humanitarian crisis in affected areas.,War,66.8,Oceania,2024-11-29
Housing market bubble bursts in Global,The economic impact is being felt across multiple sectors with manufacturing and services both contracting. Consumer spending has fallen sharply as confidence hits multi-year lows.,Economy,38.9,East Asia,2024-08-23
Rising sea levels inundate coastal areas in Oceania,Climate scientists link the disaster to changing weather patterns and warn of increased frequency of such events. Reconstruction costs are estimated in the billions of dollars.,Disaster,68.6,Oceania,2024-03-01
Mass surveillance technology exported to authoritarian regimes,The technology implications extend beyond immediate damage raising questions about regulatory oversight. Industry leaders call for updated frameworks to address emerging digital threats.,Tech,63.2,South Asia,2024-12-22
Category 5 hurricane makes landfall in East Africa,Rescue operations are underway with military and civilian teams searching for survivors. The disaster has overwhelmed local response capabilities and international assistance has been requested.,Disaster,65.0,South Asia,2024-06-25
Mass surveillance technology exported to authoritarian regimes,The incident highlights growing concerns about cybersecurity preparedness in critical sectors. Government agencies are investigating and coordinating response efforts with private sector partners.,Tech,39.2,South Asia,2024-08-21
Avalanche traps 47 mountaineers in East Africa,The death toll is expected to rise as teams reach isolated communities cut off by the disaster. Hospitals are operating beyond capacity and medical supplies are running critically low.,Disaster,52.0,South America,2024-06-26
Central bank slashes interest rates to combat economic downturn,Financial analysts warn of prolonged economic downturn as key indicators continue to decline. Markets have shown extreme volatility with investors moving to safe-haven assets.,Economy,35.8,East Asia,2024-06-22
AI system failure causes widespread communication disruption,The technology implications extend beyond immediate damage raising questions about regulatory oversight. Industry leaders call for updated frameworks to address emerging digital threats.,Tech,20.2,Middle East,2024-04-15
Devastating floods hit East Africa after record rainfall,Emergency response teams are mobilizing to affected areas as the scale of destruction becomes apparent. Thousands have been displaced and critical infrastructure has been severely damaged.,Disaster,80.9,East Asia,2024-03-21
Consumer confidence plummets to record low in Latin American,The crisis threatens to spill over into emerging markets creating a cascade of financial instability. International lending institutions are mobilizing emergency support packages.,Economy,54.1,South Asia,2024-10-09
Major commercial lender faces insolvency sparking contagion fears,Central banks face difficult policy decisions as traditional monetary tools prove insufficient. Fiscal stimulus packages are being debated but political divisions slow implementation.,Economy,64.6,Europe,2024-05-02
Asia-Pacific currency crashes against major trading pairs,The crisis threatens to spill over into emerging markets creating a cascade of financial instability. International lending institutions are mobilizing emergency support packages.,Economy,83.9,Middle East,2024-11-27
Oil prices surge after refinery shutdown,The crisis threatens to spill over into emerging markets creating a cascade of financial instability. International lending institutions are mobilizing emergency support packages.,Economy,29.5,Africa,2024-08-19
Inflation hits 30-year high across European,The crisis threatens to spill over into emerging markets creating a cascade of financial instability. International lending institutions are mobilizing emergency support packages.,Economy,83.5,Oceania,2024-01-14
Naval blockade imposed on Middle East ports by Iran,Intelligence sources confirm escalation of hostilities with heavy weaponry deployed. Diplomatic channels remain strained as both sides refuse to back down from their positions.,War,89.1,Middle East,2024-08-25
India launches military assault in Southeast Asia,Reports indicate significant troop movements and artillery exchanges along the front lines. Aid organizations warn of a growing humanitarian crisis in affected areas.,War,79.5,Africa,2024-08-17
Category 5 hurricane makes landfall in East Africa,Emergency response teams are mobilizing to affected areas as the scale of destruction becomes apparent. Thousands have been displaced and critical infrastructure has been severely damaged.,Disaster,97.0,East Asia,2024-12-18
Consumer confidence plummets to record low in Latin American,Central banks face difficult policy decisions as traditional monetary tools prove insufficient. Fiscal stimulus packages are being debated but political divisions slow implementation.,Economy,64.9,South Asia,2024-03-19
Critical infrastructure hack exposes banking vulnerabilities,The technology implications extend beyond immediate damage raising questions about regulatory oversight. Industry leaders call for updated frameworks to address emerging digital threats.,Tech,55.6,Oceania,2024-12-01
Extreme heat wave kills 89 across Central Europe,Emergency response teams are mobilizing to affected areas as the scale of destruction becomes apparent. Thousands have been displaced and critical infrastructure has been severely damaged.,Disaster,57.9,Africa,2024-05-26
Rebel forces capture key strategic city in Central Asia,Intelligence sources confirm escalation of hostilities with heavy weaponry deployed. Diplomatic channels remain strained as both sides refuse to back down from their positions.,War,45.7,Oceania,2024-03-05
Volcanic eruption in Southeast Asia forces mass evacuation,Satellite imagery reveals the full extent of devastation across the affected region. Agricultural land has been destroyed threatening food security for the coming season.,Disaster,74.1,Middle East,2024-07-16
Biometric data leak compromises identity security for millions,The technology implications extend beyond immediate damage raising questions about regulatory oversight. Industry leaders call for updated frameworks to address emerging digital threats.,Tech,50.7,Europe,2024-07-17
Rebel forces capture key port facility in Eastern Europe,The conflict has disrupted critical infrastructure including hospitals and schools. International observers call for immediate ceasefire and humanitarian access to affected populations.,War,78.9,Southeast Asia,2024-07-22
Tsunami warning issued after undersea earthquake near South Asia,Emergency response teams are mobilizing to affected areas as the scale of destruction becomes apparent. Thousands have been displaced and critical infrastructure has been severely damaged.,Disaster,50.4,South America,2024-06-20
Forest fire smoke blankets Caribbean causing health emergency,Emergency response teams are mobilizing to affected areas as the scale of destruction becomes apparent. Thousands have been displaced and critical infrastructure has been severely damaged.,Disaster,95.5,East Asia,2024-11-29
Central bank freezes interest rates to combat economic downturn,The crisis threatens to spill over into emerging markets creating a cascade of financial instability. International lending institutions are mobilizing emergency support packages.,Economy,60.8,Middle East,2024-09-24
Blizzard paralyzes transportation across Southeast Asia,Climate scientists link the disaster to changing weather patterns and warn of increased frequency of such events. Reconstruction costs are estimated in the billions of dollars.,Disaster,60.8,Middle East,2024-01-27
Peace talks between North Korea and opposition forces collapse,The situation continues to deteriorate as military operations expand across the region. Civilian casualties are mounting and international pressure grows for a diplomatic resolution.,War,96.4,Europe,2024-02-05
Critical infrastructure hack exposes government vulnerabilities,Security researchers have confirmed the severity of the breach affecting systems worldwide. Organizations are scrambling to patch vulnerabilities and assess the extent of data compromise.,Tech,47.6,Africa,2024-10-31
120 casualties reported in South Asia shelling,The situation continues to deteriorate as military operations expand across the region. Civilian casualties are mounting and international pressure grows for a diplomatic resolution.,War,87.9,Middle East,2024-04-12
Massive wildfire spreads across Caribbean burning 100000 acres,The death toll is expected to rise as teams reach isolated communities cut off by the disaster. Hospitals are operating beyond capacity and medical supplies are running critically low.,Disaster,77.1,Southeast Asia,2024-02-16
500 casualties reported in Korean Peninsula airstrike,The conflict has disrupted critical infrastructure including hospitals and schools. International observers call for immediate ceasefire and humanitarian access to affected populations.,War,68.2,Oceania,2024-05-07
Stock exchange halts trading after 8.5% single-day drop,The crisis threatens to spill over into emerging markets creating a cascade of financial instability. International lending institutions are mobilizing emergency support packages.,Economy,28.3,Middle East,2024-06-03
Credit rating downgrade hits Germany government bonds,Central banks face difficult policy decisions as traditional monetary tools prove insufficient. Fiscal stimulus packages are being debated but political divisions slow implementation.,Economy,71.5,Middle East,2024-11-06
Cybersecurity attack targets Asia-Pacific power grid infrastructure,Security researchers have confirmed the severity of the breach affecting systems worldwide. Organizations are scrambling to patch vulnerabilities and assess the extent of data compromise.,Tech,70.4,South America,2024-02-01
Housing market bubble bursts in Emerging Market,Central banks face difficult policy decisions as traditional monetary tools prove insufficient. Fiscal stimulus packages are being debated but political divisions slow implementation.,Economy,55.5,East Asia,2024-07-31
Humanitarian corridor in Central Asia comes under fire,The situation continues to deteriorate as military operations expand across the region. Civilian casualties are mounting and international pressure grows for a diplomatic resolution.,War,56.5,North America,2024-06-10
Naval blockade imposed on Eastern Europe ports by Russia,Security forces have been placed on high alert following the latest developments. Evacuation of civilians from border areas is underway amid fears of further escalation.,War,81.4,South America,2024-05-07
Missile strikes hit military base in Southeast Asia overnight,Reports indicate significant troop movements and artillery exchanges along the front lines. Aid organizations warn of a growing humanitarian crisis in affected areas.,War,56.2,South Asia,2024-01-11
Global markets drop significantly amid fears of stagflation,Financial analysts warn of prolonged economic downturn as key indicators continue to decline. Markets have shown extreme volatility with investors moving to safe-haven assets.,Economy,68.3,Southeast Asia,2024-12-01
Stock exchange halts trading after 12% single-day drop,The crisis threatens to spill over into emerging markets creating a cascade of financial instability. International lending institutions are mobilizing emergency support packages.,Economy,80.3,Africa,2024-03-04
Government surveillance program exposed by whistleblower,Security researchers have confirmed the severity of the breach affecting systems worldwide. Organizations are scrambling to patch vulnerabilities and assess the extent of data compromise.,Tech,64.5,Southeast Asia,2024-11-10
Avalanche traps 23 mountaineers in Central Europe,Rescue operations are underway with military and civilian teams searching for survivors. The disaster has overwhelmed local response capabilities and international assistance has been requested.,Disaster,96.8,Southeast Asia,2024-07-10
Government debt reaches critical levels in India,Financial analysts warn of prolonged economic downturn as key indicators continue to decline. Markets have shown extreme volatility with investors moving to safe-haven assets.,Economy,76.2,Oceania,2024-04-20
Naval blockade imposed on Sub-Saharan Africa ports by Israel,Security forces have been placed on high alert following the latest developments. Evacuation of civilians from border areas is underway amid fears of further escalation.,War,71.9,Oceania,2024-11-04
Weapons shipment intercepted near Central Asia conflict zone,Intelligence sources confirm escalation of hostilities with heavy weaponry deployed. Diplomatic channels remain strained as both sides refuse to back down from their positions.,War,52.9,Oceania,2024-12-26
Supply chain disruption causes agricultural shortage globally,The crisis threatens to spill over into emerging markets creating a cascade of financial instability. International lending institutions are mobilizing emergency support packages.,Economy,31.8,Southeast Asia,2024-02-26
Severe drought threatens food supply across Oceania,Rescue operations are underway with military and civilian teams searching for survivors. The disaster has overwhelmed local response capabilities and international assistance has been requested.,Disaster,96.2,Middle East,2024-02-27
Glacier collapse triggers massive flooding in Mediterranean,Emergency response teams are mobilizing to affected areas as the scale of destruction becomes apparent. Thousands have been displaced and critical infrastructure has been severely damaged.,Disaster,87.1,South America,2024-07-16
Autonomous delivery robot incident raises safety concerns globally,Security researchers have confirmed the severity of the breach affecting systems worldwide. Organizations are scrambling to patch vulnerabilities and assess the extent of data compromise.,Tech,55.1,East Asia,2024-07-07
Oil prices collapse after OPEC decision,The crisis threatens to spill over into emerging markets creating a cascade of financial instability. International lending institutions are mobilizing emergency support packages.,Economy,83.3,Middle East,2024-09-11
Armed conflict spreads near Southeast Asia border,Security forces have been placed on high alert following the latest developments. Evacuation of civilians from border areas is underway amid fears of further escalation.,War,79.8,Oceania,2024-12-04
Autonomous delivery robot incident raises safety concerns globally,The technology implications extend beyond immediate damage raising questions about regulatory oversight. Industry leaders call for updated frameworks to address emerging digital threats.,Tech,45.2,Middle East,2024-12-22
Autonomous weapons deployment sparks international debate,Security researchers have confirmed the severity of the breach affecting systems worldwide. Organizations are scrambling to patch vulnerabilities and assess the extent of data compromise.,Tech,44.9,Oceania,2024-07-31
Credit rating downgrade hits Brazil government bonds,Financial analysts warn of prolonged economic downturn as key indicators continue to decline. Markets have shown extreme volatility with investors moving to safe-haven assets.,Economy,48.9,Middle East,2024-03-03
Devastating floods hit Andes Region after record rainfall,Emergency response teams are mobilizing to affected areas as the scale of destruction becomes apparent. Thousands have been displaced and critical infrastructure has been severely damaged.,Disaster,89.7,South America,2024-05-25
Rising sea levels inundate coastal areas in East Africa,Climate scientists link the disaster to changing weather patterns and warn of increased frequency of such events. Reconstruction costs are estimated in the billions of dollars.,Disaster,65.3,Southeast Asia,2024-11-11
Trade war escalates as European Union imposes tariffs on agricultural,Financial analysts warn of prolonged economic downturn as key indicators continue to decline. Markets have shown extreme volatility with investors moving to safe-haven assets.,Economy,33.8,Middle East,2024-03-29
AI model training data poisoning attack discovered at scale,The incident highlights growing concerns about cybersecurity preparedness in critical sectors. Government agencies are investigating and coordinating response efforts with private sector partners.,Tech,34.0,South Asia,2024-11-27
Peace talks between China and rival nation collapse,Intelligence sources confirm escalation of hostilities with heavy weaponry deployed. Diplomatic channels remain strained as both sides refuse to back down from their positions.,War,63.0,South Asia,2024-02-22
Major hedge fund faces insolvency sparking contagion fears,The crisis threatens to spill over into emerging markets creating a cascade of financial instability. International lending institutions are mobilizing emergency support packages.,Economy,63.6,South Asia,2024-11-17
Zero-day exploit actively used against enterprise software installations,Experts warn this represents a new class of technological threat requiring updated defense strategies. The attack vector exploited known weaknesses that had not been adequately addressed.,Tech,53.3,Southeast Asia,2024-06-16
India launches military intervention in South Asia,Reports indicate significant troop movements and artillery exchanges along the front lines. Aid organizations warn of a growing humanitarian crisis in affected areas.,War,47.5,Southeast Asia,2024-06-16
Credit rating downgrade hits India government bonds,Financial analysts warn of prolonged economic downturn as key indicators continue to decline. Markets have shown extreme volatility with investors moving to safe-haven assets.,Economy,69.7,South Asia,2024-03-07
Mass surveillance technology exported to authoritarian regimes,The incident highlights growing concerns about cybersecurity preparedness in critical sectors. Government agencies are investigating and coordinating response efforts with private sector partners.,Tech,59.6,Africa,2024-04-04
Central bank raises interest rates to combat debt default,The economic impact is being felt across multiple sectors with manufacturing and services both contracting. Consumer spending has fallen sharply as confidence hits multi-year lows.,Economy,40.9,Europe,2024-08-03
Cybersecurity attack targets European power grid infrastructure,The incident highlights growing concerns about cybersecurity preparedness in critical sectors. Government agencies are investigating and coordinating response efforts with private sector partners.,Tech,20.9,Oceania,2024-10-26
European GDP contracts by 3.2% in latest quarter,International trade flows have been significantly disrupted affecting supply chains globally. Companies report declining revenues and are implementing cost-cutting measures including layoffs.,Economy,71.9,East Asia,2024-06-22
Military coup attempt reported in Pakistan,Reports indicate significant troop movements and artillery exchanges along the front lines. Aid organizations warn of a growing humanitarian crisis in affected areas.,War,94.0,Oceania,2024-01-14
Dam failure floods downstream communities in Andes Region,Emergency response teams are mobilizing to affected areas as the scale of destruction becomes apparent. Thousands have been displaced and critical infrastructure has been severely damaged.,Disaster,80.3,Middle East,2024-03-14
Unemployment surges to 3.2% in Global,International trade flows have been significantly disrupted affecting supply chains globally. Companies report declining revenues and are implementing cost-cutting measures including layoffs.,Economy,55.2,North America,2024-12-03
Armed conflict spreads near Eastern Europe border,Intelligence sources confirm escalation of hostilities with heavy weaponry deployed. Diplomatic channels remain strained as both sides refuse to back down from their positions.,War,89.9,North America,2024-07-02
Rebel forces capture key strategic city in North Africa,Intelligence sources confirm escalation of hostilities with heavy weaponry deployed. Diplomatic channels remain strained as both sides refuse to back down from their positions.,War,56.9,Southeast Asia,2024-03-08
Humanitarian corridor in South Asia comes under fire,The conflict has disrupted critical infrastructure including hospitals and schools. International observers call for immediate ceasefire and humanitarian access to affected populations.,War,73.8,Middle East,2024-08-30
Deadly landslide buries homes in Caribbean after heavy rains,Climate scientists link the disaster to changing weather patterns and warn of increased frequency of such events. Reconstruction costs are estimated in the billions of dollars.,Disaster,87.0,Europe,2024-06-19
Deadly landslide buries homes in Mediterranean after heavy rains,Climate scientists link the disaster to changing weather patterns and warn of increased frequency of such events. Reconstruction costs are estimated in the billions of dollars.,Disaster,61.4,South America,2024-08-18
Supply chain disruption causes semiconductor shortage globally,The economic impact is being felt across multiple sectors with manufacturing and services both contracting. Consumer spending has fallen sharply as confidence hits multi-year lows.,Economy,78.2,Europe,2024-07-17
Algorithm bias discovered in government decision-making systems,The incident highlights growing concerns about cybersecurity preparedness in critical sectors. Government agencies are investigating and coordinating response efforts with private sector partners.,Tech,63.5,South America,2024-09-13
Rebel forces capture key port facility in Korean Peninsula,Security forces have been placed on high alert following the latest developments. Evacuation of civilians from border areas is underway amid fears of further escalation.,War,94.8,South Asia,2024-08-12
Algorithm bias discovered in telecommunications decision-making systems,Experts warn this represents a new class of technological threat requiring updated defense strategies. The attack vector exploited known weaknesses that had not been adequately addressed.,Tech,59.8,Southeast Asia,2024-05-10
Global markets drop significantly amid fears of economic downturn,The economic impact is being felt across multiple sectors with manufacturing and services both contracting. Consumer spending has fallen sharply as confidence hits multi-year lows.,Economy,34.3,Africa,2024-04-24
Magnitude 7.9 earthquake strikes Caribbean causing widespread destruction,Climate scientists link the disaster to changing weather patterns and warn of increased frequency of such events. Reconstruction costs are estimated in the billions of dollars.,Disaster,74.3,Africa,2024-10-24
Rising sea levels inundate coastal areas in Caribbean,Satellite imagery reveals the full extent of devastation across the affected region. Agricultural land has been destroyed threatening food security for the coming season.,Disaster,65.9,Africa,2024-02-21
Extreme heat wave kills 156 across Central America,Satellite imagery reveals the full extent of devastation across the affected region. Agricultural land has been destroyed threatening food security for the coming season.,Disaster,87.1,North America,2024-05-11
Stock exchange halts trading after 6.1% single-day drop,International trade flows have been significantly disrupted affecting supply chains globally. Companies report declining revenues and are implementing cost-cutting measures including layoffs.,Economy,45.4,Oceania,2024-05-16
Ransomware attack cripples government systems across European,The technology implications extend beyond immediate damage raising questions about regulatory oversight. Industry leaders call for updated frameworks to address emerging digital threats.,Tech,61.5,South Asia,2024-06-03
Quantum computing breakthrough threatens encryption standards,Experts warn this represents a new class of technological threat requiring updated defense strategies. The attack vector exploited known weaknesses that had not been adequately addressed.,Tech,34.2,Africa,2024-11-24
Oil prices plummet after refinery shutdown,Financial analysts warn of prolonged economic downturn as key indicators continue to decline. Markets have shown extreme volatility with investors moving to safe-haven assets.,Economy,38.9,East Asia,2024-12-25
Iran imposes new sanctions on opposition forces amid tensions,The situation continues to deteriorate as military operations expand across the region. Civilian casualties are mounting and international pressure grows for a diplomatic resolution.,War,62.7,Oceania,2024-07-27
Unemployment surges to 12% in Global,Financial analysts warn of prolonged economic downturn as key indicators continue to decline. Markets have shown extreme volatility with investors moving to safe-haven assets.,Economy,61.6,South America,2024-04-16
Missile strikes hit military base in North Africa overnight,The situation continues to deteriorate as military operations expand across the region. Civilian casualties are mounting and international pressure grows for a diplomatic resolution.,War,72.7,Europe,2024-11-22
Cybersecurity attack targets global power grid infrastructure,Security researchers have confirmed the severity of the breach affecting systems worldwide. Organizations are scrambling to patch vulnerabilities and assess the extent of data compromise.,Tech,20.6,East Asia,2024-04-23
Missile strikes hit port facility in Korean Peninsula overnight,The situation continues to deteriorate as military operations expand across the region. Civilian casualties are mounting and international pressure grows for a diplomatic resolution.,War,87.8,South America,2024-07-13
Severe drought threatens food supply across South Asia,Satellite imagery reveals the full extent of devastation across the affected region. Agricultural land has been destroyed threatening food security for the coming season.,Disaster,100.0,Oceania,2024-07-29
Algorithm bias discovered in transportation decision-making systems,The technology implications extend beyond immediate damage raising questions about regulatory oversight. Industry leaders call for updated frameworks to address emerging digital threats.,Tech,64.9,Europe,2024-06-02
Peace talks between United States and opposition forces collapse,Intelligence sources confirm escalation of hostilities with heavy weaponry deployed. Diplomatic channels remain strained as both sides refuse to back down from their positions.,War,89.2,Middle East,2024-05-16
Magnitude 8.1 earthquake strikes Central America causing widespread destruction,Satellite imagery reveals the full extent of devastation across the affected region. Agricultural land has been destroyed threatening food security for the coming season.,Disaster,97.1,Africa,2024-11-19
Ceasefire violations reported across Southeast Asia front lines,Security forces have been placed on high alert following the latest developments. Evacuation of civilians from border areas is underway amid fears of further escalation.,War,89.2,Africa,2024-03-14
Major hedge fund faces insolvency sparking contagion fears,Financial analysts warn of prolonged economic downturn as key indicators continue to decline. Markets have shown extreme volatility with investors moving to safe-haven assets.,Economy,26.7,Middle East,2024-12-29
Iran launches military offensive in Sub-Saharan Africa,Reports indicate significant troop movements and artillery exchanges along the front lines. Aid organizations warn of a growing humanitarian crisis in affected areas.,War,63.9,Southeast Asia,2024-05-15
Sinkhole swallows buildings in Central America urban area,Emergency response teams are mobilizing to affected areas as the scale of destruction becomes apparent. Thousands have been displaced and critical infrastructure has been severely damaged.,Disaster,96.3,Europe,2024-07-27
Cybersecurity attack targets European power grid infrastructure,Experts warn this represents a new class of technological threat requiring updated defense strategies. The attack vector exploited known weaknesses that had not been adequately addressed.,Tech,36.6,Africa,2024-03-15
AI-generated misinformation campaign influences corporate executives,Experts warn this represents a new class of technological threat requiring updated defense strategies. The attack vector exploited known weaknesses that had not been adequately addressed.,Tech,51.8,South Asia,2024-05-01
Major insurance giant faces insolvency sparking contagion fears,International trade flows have been significantly disrupted affecting supply chains globally. Companies report declining revenues and are implementing cost-cutting measures including layoffs.,Economy,63.6,North America,2024-02-01
AI model training data poisoning attack discovered at scale,The incident highlights growing concerns about cybersecurity preparedness in critical sectors. Government agencies are investigating and coordinating response efforts with private sector partners.,Tech,62.1,Southeast Asia,2024-07-10
Sinkhole swallows buildings in East Africa urban area,Climate scientists link the disaster to changing weather patterns and warn of increased frequency of such events. Reconstruction costs are estimated in the billions of dollars.,Disaster,97.3,Africa,2024-05-24
Critical vulnerability found in IoT firmware affecting millions,Users are advised to change credentials and monitor accounts for suspicious activity. The full scope of the impact is still being assessed as forensic analysis continues.,Tech,38.7,Southeast Asia,2024-02-10
AI model training data poisoning attack discovered at scale,The technology implications extend beyond immediate damage raising questions about regulatory oversight. Industry leaders call for updated frameworks to address emerging digital threats.,Tech,20.9,Oceania,2024-10-09
Blizzard paralyzes transportation across Pacific Coast,Climate scientists link the disaster to changing weather patterns and warn of increased frequency of such events. Reconstruction costs are estimated in the billions of dollars.,Disaster,70.0,North America,2024-09-11
Major hedge fund faces insolvency sparking contagion fears,International trade flows have been significantly disrupted affecting supply chains globally. Companies report declining revenues and are implementing cost-cutting measures including layoffs.,Economy,52.2,Europe,2024-07-08
Commodity prices spike disrupting global trade flows,International trade flows have been significantly disrupted affecting supply chains globally. Companies report declining revenues and are implementing cost-cutting measures including layoffs.,Economy,30.5,Middle East,2024-11-24
Inflation hits 10-year high across Emerging Market,The economic impact is being felt across multiple sectors with manufacturing and services both contracting. Consumer spending has fallen sharply as confidence hits multi-year lows.,Economy,25.9,Middle East,2024-10-28
Monsoon flooding displaces millions in East Africa,Emergency response teams are mobilizing to affected areas as the scale of destruction becomes apparent. Thousands have been displaced and critical infrastructure has been severely damaged.,Disaster,95.8,Oceania,2024-09-16
Tech giant faces antitrust action over anti-competitive practices,Users are advised to change credentials and monitor accounts for suspicious activity. The full scope of the impact is still being assessed as forensic analysis continues.,Tech,25.1,South Asia,2024-07-16
Latin American GDP contracts by 12% in latest quarter,International trade flows have been significantly disrupted affecting supply chains globally. Companies report declining revenues and are implementing cost-cutting measures including layoffs.,Economy,56.4,Southeast Asia,2024-06-07
Ransomware attack cripples telecommunications systems across global,The technology implications extend beyond immediate damage raising questions about regulatory oversight. Industry leaders call for updated frameworks to address emerging digital threats.,Tech,21.6,Middle East,2024-08-18
Deepfake technology used in disinformation operation targeting elections,The technology implications extend beyond immediate damage raising questions about regulatory oversight. Industry leaders call for updated frameworks to address emerging digital threats.,Tech,41.3,South America,2024-10-13
Massive wildfire spreads across South Asia burning 500000 acres,Climate scientists link the disaster to changing weather patterns and warn of increased frequency of such events. Reconstruction costs are estimated in the billions of dollars.,Disaster,75.9,Middle East,2024-05-26
Tropical cyclone Dorian intensifies threatening South Asia,The death toll is expected to rise as teams reach isolated communities cut off by the disaster. Hospitals are operating beyond capacity and medical supplies are running critically low.,Disaster,86.7,South Asia,2024-01-24
Tornado outbreak causes widespread destruction in Central Europe,Emergency response teams are mobilizing to affected areas as the scale of destruction becomes apparent. Thousands have been displaced and critical infrastructure has been severely damaged.,Disaster,64.9,Southeast Asia,2024-11-25
Government debt reaches critical levels in Germany,Central banks face difficult policy decisions as traditional monetary tools prove insufficient. Fiscal stimulus packages are being debated but political divisions slow implementation.,Economy,71.9,Oceania,2024-08-02
Government debt reaches critical levels in India,The economic impact is being felt across multiple sectors with manufacturing and services both contracting. Consumer spending has fallen sharply as confidence hits multi-year lows.,Economy,85.9,Europe,2024-02-05
Military forces deploy to Eastern Europe as tensions escalate,Intelligence sources confirm escalation of hostilities with heavy weaponry deployed. Diplomatic channels remain strained as both sides refuse to back down from their positions.,War,47.9,Africa,2024-09-14
Latin American currency crashes against major trading pairs,International trade flows have been significantly disrupted affecting supply chains globally. Companies report declining revenues and are implementing cost-cutting measures including layoffs.,Economy,54.1,Africa,2024-02-07
Critical infrastructure hack exposes banking vulnerabilities,Experts warn this represents a new class of technological threat requiring updated defense strategies. The attack vector exploited known weaknesses that had not been adequately addressed.,Tech,72.2,Middle East,2024-10-25
Global markets plunge amid fears of debt default,Central banks face difficult policy decisions as traditional monetary tools prove insufficient. Fiscal stimulus packages are being debated but political divisions slow implementation.,Economy,69.8,Europe,2024-04-12
Tornado outbreak causes widespread destruction in South Asia,The death toll is expected to rise as teams reach isolated communities cut off by the disaster. Hospitals are operating beyond capacity and medical supplies are running critically low.,Disaster,71.4,Southeast Asia,2024-03-26
Housing market bubble bursts in Asia-Pacific,Financial analysts warn of prolonged economic downturn as key indicators continue to decline. Markets have shown extreme volatility with investors moving to safe-haven assets.,Economy,47.1,East Asia,2024-02-09
47 casualties reported in Middle East ambush,Security forces have been placed on high alert following the latest developments. Evacuation of civilians from border areas is underway amid fears of further escalation.,War,80.0,South Asia,2024-03-26
Coalition airstrikes target positions in North Africa,The situation continues to deteriorate as military operations expand across the region. Civilian casualties are mounting and international pressure grows for a diplomatic resolution.,War,91.9,Europe,2024-05-15
Tornado outbreak causes widespread destruction in Andes Region,The death toll is expected to rise as teams reach isolated communities cut off by the disaster. Hospitals are operating beyond capacity and medical supplies are running critically low.,Disaster,54.2,South America,2024-04-04
Armed conflict flares up near Middle East border,Security forces have been placed on high alert following the latest developments. Evacuation of civilians from border areas is underway amid fears of further escalation.,War,46.6,South America,2024-04-21
AI-generated misinformation campaign influences elections,Security researchers have confirmed the severity of the breach affecting systems worldwide. Organizations are scrambling to patch vulnerabilities and assess the extent of data compromise.,Tech,57.6,East Asia,2024-10-05
Algorithm bias discovered in banking decision-making systems,Users are advised to change credentials and monitor accounts for suspicious activity. The full scope of the impact is still being assessed as forensic analysis continues.,Tech,46.6,Africa,2024-02-19
Border clashes intensify between Pakistan and insurgent groups,The conflict has disrupted critical infrastructure including hospitals and schools. International observers call for immediate ceasefire and humanitarian access to affected populations.,War,94.8,South America,2024-10-02
Cybersecurity attack targets North American power grid infrastructure,The incident highlights growing concerns about cybersecurity preparedness in critical sectors. Government agencies are investigating and coordinating response efforts with private sector partners.,Tech,47.7,East Asia,2024-04-29
Pakistan launches military offensive in South Asia,Intelligence sources confirm escalation of hostilities with heavy weaponry deployed. Diplomatic channels remain strained as both sides refuse to back down from their positions.,War,70.8,South Asia,2024-02-17
Banking crisis deepens as deposits withdrawn en masse,Central banks face difficult policy decisions as traditional monetary tools prove insufficient. Fiscal stimulus packages are being debated but political divisions slow implementation.,Economy,31.0,South Asia,2024-10-05
Ceasefire violations reported across Sub-Saharan Africa front lines,Security forces have been placed on high alert following the latest developments. Evacuation of civilians from border areas is underway amid fears of further escalation.,War,68.4,North America,2024-12-10
Major data breach exposes 50 million records at global tech firm,Experts warn this represents a new class of technological threat requiring updated defense strategies. The attack vector exploited known weaknesses that had not been adequately addressed.,Tech,25.1,Middle East,2024-01-27
Massive wildfire spreads across East Africa burning 50000 acres,Climate scientists link the disaster to changing weather patterns and warn of increased frequency of such events. Reconstruction costs are estimated in the billions of dollars.,Disaster,84.2,Africa,2024-08-12
Zero-day exploit actively used against operating system installations,The technology implications extend beyond immediate damage raising questions about regulatory oversight. Industry leaders call for updated frameworks to address emerging digital threats.,Tech,70.3,Oceania,2024-07-30
Critical vulnerability found in database platform affecting millions,The incident highlights growing concerns about cybersecurity preparedness in critical sectors. Government agencies are investigating and coordinating response efforts with private sector partners.,Tech,59.0,Europe,2024-08-04
Severe drought threatens food supply across Pacific Coast,Satellite imagery reveals the full extent of devastation across the affected region. Agricultural land has been destroyed threatening food security for the coming season.,Disaster,80.1,Africa,2024-02-01
Weapons shipment intercepted near Middle East conflict zone,Reports indicate significant troop movements and artillery exchanges along the front lines. Aid organizations warn of a growing humanitarian crisis in affected areas.,War,52.5,Southeast Asia,2024-12-21
Sinkhole swallows buildings in Pacific Coast urban area,Satellite imagery reveals the full extent of devastation across the affected region. Agricultural land has been destroyed threatening food security for the coming season.,Disaster,64.3,South America,2024-12-18
Government surveillance program exposed by whistleblower,The technology implications extend beyond immediate damage raising questions about regulatory oversight. Industry leaders call for updated frameworks to address emerging digital threats.,Tech,49.4,Southeast Asia,2024-10-05
Humanitarian corridor in North Africa comes under fire,The conflict has disrupted critical infrastructure including hospitals and schools. International observers call for immediate ceasefire and humanitarian access to affected populations.,War,94.2,Oceania,2024-01-05
Volcanic eruption in Central America forces mass evacuation,The death toll is expected to rise as teams reach isolated communities cut off by the disaster. Hospitals are operating beyond capacity and medical supplies are running critically low.,Disaster,94.8,South Asia,2024-04-07
Tsunami warning issued after undersea earthquake near Andes Region,Climate scientists link the disaster to changing weather patterns and warn of increased frequency of such events. Reconstruction costs are estimated in the billions of dollars.,Disaster,79.3,South Asia,2024-07-09
Government debt reaches critical levels in United Kingdom,The crisis threatens to spill over into emerging markets creating a cascade of financial instability. International lending institutions are mobilizing emergency support packages.,Economy,60.5,North America,2024-04-22
Coalition airstrikes target positions in Sub-Saharan Africa,Intelligence sources confirm escalation of hostilities with heavy weaponry deployed. Diplomatic channels remain strained as both sides refuse to back down from their positions.,War,48.3,South Asia,2024-04-18
Monsoon flooding displaces millions in Oceania,The death toll is expected to rise as teams reach isolated communities cut off by the disaster. Hospitals are operating beyond capacity and medical supplies are running critically low.,Disaster,67.9,South America,2024-10-20
Missile strikes hit strategic city in Southeast Asia overnight,Security forces have been placed on high alert following the latest developments. Evacuation of civilians from border areas is underway amid fears of further escalation.,War,67.5,Middle East,2024-11-22
Deadly landslide buries homes in East Africa after heavy rains,Rescue operations are underway with military and civilian teams searching for survivors. The disaster has overwhelmed local response capabilities and international assistance has been requested.,Disaster,91.3,Europe,2024-01-08
Avalanche traps 89 mountaineers in Caribbean,Emergency response teams are mobilizing to affected areas as the scale of destruction becomes apparent. Thousands have been displaced and critical infrastructure has been severely damaged.,Disaster,74.4,Oceania,2024-09-26
Credit rating downgrade hits Japan government bonds,The crisis threatens to spill over into emerging markets creating a cascade of financial instability. International lending institutions are mobilizing emergency support packages.,Economy,48.0,Southeast Asia,2024-01-23
Extreme heat wave kills 300 across Oceania,The death toll is expected to rise as teams reach isolated communities cut off by the disaster. Hospitals are operating beyond capacity and medical supplies are running critically low.,Disaster,63.3,Oceania,2024-11-23
Autonomous delivery robot incident raises safety concerns globally,Experts warn this represents a new class of technological threat requiring updated defense strategies. The attack vector exploited known weaknesses that had not been adequately addressed.,Tech,30.8,South America,2024-05-14
Trade war escalates as India imposes tariffs on steel,International trade flows have been significantly disrupted affecting supply chains globally. Companies report declining revenues and are implementing cost-cutting measures including layoffs.,Economy,42.8,Southeast Asia,2024-06-05
Severe drought threatens food supply across Mediterranean,The death toll is expected to rise as teams reach isolated communities cut off by the disaster. Hospitals are operating beyond capacity and medical supplies are running critically low.,Disaster,100.0,Africa,2024-07-07
Autonomous weapons deployment sparks international debate,Experts warn this represents a new class of technological threat requiring updated defense strategies. The attack vector exploited known weaknesses that had not been adequately addressed.,Tech,42.9,South America,2024-02-29
Sinkhole swallows buildings in South Asia urban area,The death toll is expected to rise as teams reach isolated communities cut off by the disaster. Hospitals are operating beyond capacity and medical supplies are running critically low.,Disaster,83.8,Middle East,2024-11-09
Foreign investors flee European amid economic instability,The economic impact is being felt across multiple sectors with manufacturing and services both contracting. Consumer spending has fallen sharply as confidence hits multi-year lows.,Economy,70.8,East Asia,2024-06-16
Ceasefire violations reported across Middle East front lines,The situation continues to deteriorate as military operations expand across the region. Civilian casualties are mounting and international pressure grows for a diplomatic resolution.,War,82.1,Europe,2024-05-19
Massive wildfire spreads across Central Europe burning 500000 acres,Rescue operations are underway with military and civilian teams searching for survivors. The disaster has overwhelmed local response capabilities and international assistance has been requested.,Disaster,81.8,Southeast Asia,2024-03-16
Iran mobilizes reserve forces amid North Africa crisis,Reports indicate significant troop movements and artillery exchanges along the front lines. Aid organizations warn of a growing humanitarian crisis in affected areas.,War,91.7,South America,2024-05-05
AI-generated misinformation campaign influences elections,The incident highlights growing concerns about cybersecurity preparedness in critical sectors. Government agencies are investigating and coordinating response efforts with private sector partners.,Tech,43.9,Southeast Asia,2024-06-02
Trade war escalates as United Kingdom imposes tariffs on agricultural,Financial analysts warn of prolonged economic downturn as key indicators continue to decline. Markets have shown extreme volatility with investors moving to safe-haven assets.,Economy,51.0,South America,2024-11-20
Algorithm bias discovered in energy decision-making systems,Security researchers have confirmed the severity of the breach affecting systems worldwide. Organizations are scrambling to patch vulnerabilities and assess the extent of data compromise.,Tech,48.8,South America,2024-12-08
Economic sanctions create severe shortages in China,Financial analysts warn of prolonged economic downturn as key indicators continue to decline. Markets have shown extreme volatility with investors moving to safe-haven assets.,Economy,48.7,South Asia,2024-03-08
Deepfake technology used in phishing operation targeting public opinion,Users are advised to change credentials and monitor accounts for suspicious activity. The full scope of the impact is still being assessed as forensic analysis continues.,Tech,29.5,East Asia,2024-11-10
Autonomous weapons deployment sparks international debate,Experts warn this represents a new class of technological threat requiring updated defense strategies. The attack vector exploited known weaknesses that had not been adequately addressed.,Tech,28.9,Middle East,2024-10-17
Commodity prices spike disrupting global trade flows,Central banks face difficult policy decisions as traditional monetary tools prove insufficient. Fiscal stimulus packages are being debated but political divisions slow implementation.,Economy,38.1,Middle East,2024-11-13
Government surveillance program exposed by whistleblower,Users are advised to change credentials and monitor accounts for suspicious activity. The full scope of the impact is still being assessed as forensic analysis continues.,Tech,42.4,North America,2024-02-15
Economic sanctions create severe shortages in South Korea,The crisis threatens to spill over into emerging markets creating a cascade of financial instability. International lending institutions are mobilizing emergency support packages.,Economy,48.4,Africa,2024-02-21
Military coup attempt reported in Israel,Reports indicate significant troop movements and artillery exchanges along the front lines. Aid organizations warn of a growing humanitarian crisis in affected areas.,War,82.1,Oceania,2024-12-27
Autonomous vehicle incident raises safety concerns globally,The incident highlights growing concerns about cybersecurity preparedness in critical sectors. Government agencies are investigating and coordinating response efforts with private sector partners.,Tech,43.7,Oceania,2024-10-11
Missile strikes hit government building in North Africa overnight,Intelligence sources confirm escalation of hostilities with heavy weaponry deployed. Diplomatic channels remain strained as both sides refuse to back down from their positions.,War,91.5,South America,2024-01-05
Tsunami warning issued after undersea earthquake near South Asia,Satellite imagery reveals the full extent of devastation across the affected region. Agricultural land has been destroyed threatening food security for the coming season.,Disaster,91.5,Southeast Asia,2024-05-07
Unemployment surges to 15% in European,Financial analysts warn of prolonged economic downturn as key indicators continue to decline. Markets have shown extreme volatility with investors moving to safe-haven assets.,Economy,30.5,Oceania,2024-04-20
Inflation hits 20-year high across Emerging Market,The economic impact is being felt across multiple sectors with manufacturing and services both contracting. Consumer spending has fallen sharply as confidence hits multi-year lows.,Economy,45.0,Europe,2024-02-09
Armed conflict spreads near Eastern Europe border,The conflict has disrupted critical infrastructure including hospitals and schools. International observers call for immediate ceasefire and humanitarian access to affected populations.,War,83.1,Oceania,2024-02-24
Avalanche traps 23 mountaineers in Oceania,Rescue operations are underway with military and civilian teams searching for survivors. The disaster has overwhelmed local response capabilities and international assistance has been requested.,Disaster,53.2,South Asia,2024-07-04
Cybersecurity attack targets North American power grid infrastructure,The incident highlights growing concerns about cybersecurity preparedness in critical sectors. Government agencies are investigating and coordinating response efforts with private sector partners.,Tech,31.6,Africa,2024-05-18
Supply chain disruption causes steel shortage globally,International trade flows have been significantly disrupted affecting supply chains globally. Companies report declining revenues and are implementing cost-cutting measures including layoffs.,Economy,39.6,Oceania,2024-03-15
Forest fire smoke blankets Southeast Asia causing health emergency,Satellite imagery reveals the full extent of devastation across the affected region. Agricultural land has been destroyed threatening food security for the coming season.,Disaster,67.5,Middle East,2024-08-15
Autonomous weapons deployment sparks international debate,The technology implications extend beyond immediate damage raising questions about regulatory oversight. Industry leaders call for updated frameworks to address emerging digital threats.,Tech,45.3,South Asia,2024-03-27
European GDP contracts by 12% in latest quarter,Central banks face difficult policy decisions as traditional monetary tools prove insufficient. Fiscal stimulus packages are being debated but political divisions slow implementation.,Economy,56.9,East Asia,2024-03-25
Volcanic eruption in South Asia forces mass evacuation,Satellite imagery reveals the full extent of devastation across the affected region. Agricultural land has been destroyed threatening food security for the coming season.,Disaster,97.5,Oceania,2024-09-25
Avalanche traps 156 mountaineers in South Asia,Emergency response teams are mobilizing to affected areas as the scale of destruction becomes apparent. Thousands have been displaced and critical infrastructure has been severely damaged.,Disaster,79.5,Middle East,2024-10-19
Critical vulnerability found in database platform affecting millions,Users are advised to change credentials and monitor accounts for suspicious activity. The full scope of the impact is still being assessed as forensic analysis continues.,Tech,48.2,Middle East,2024-05-06
Ransomware attack cripples telecommunications systems across North American,The technology implications extend beyond immediate damage raising questions about regulatory oversight. Industry leaders call for updated frameworks to address emerging digital threats.,Tech,71.9,Middle East,2024-08-12
Massive wildfire spreads across Pacific Coast burning 500000 acres,Emergency response teams are mobilizing to affected areas as the scale of destruction becomes apparent. Thousands have been displaced and critical infrastructure has been severely damaged.,Disaster,67.1,South America,2024-01-26
North American currency crashes against major trading pairs,The economic impact is being felt across multiple sectors with manufacturing and services both contracting. Consumer spending has fallen sharply as confidence hits multi-year lows.,Economy,56.7,East Asia,2024-05-20
Extreme heat wave kills 47 across Central Europe,Climate scientists link the disaster to changing weather patterns and warn of increased frequency of such events. Reconstruction costs are estimated in the billions of dollars.,Disaster,67.6,South Asia,2024-12-04
Economic sanctions create severe shortages in Australia,International trade flows have been significantly disrupted affecting supply chains globally. Companies report declining revenues and are implementing cost-cutting measures including layoffs.,Economy,68.5,South America,2024-08-28
Global markets decline sharply amid fears of debt default,The economic impact is being felt across multiple sectors with manufacturing and services both contracting. Consumer spending has fallen sharply as confidence hits multi-year lows.,Economy,82.9,East Asia,2024-09-01
Latin American GDP contracts by 15% in latest quarter,International trade flows have been significantly disrupted affecting supply chains globally. Companies report declining revenues and are implementing cost-cutting measures including layoffs.,Economy,42.3,Southeast Asia,2024-10-08
Sinkhole swallows buildings in South Asia urban area,Climate scientists link the disaster to changing weather patterns and warn of increased frequency of such events. Reconstruction costs are estimated in the billions of dollars.,Disaster,66.1,Oceania,2024-09-29
Ethnic violence erupts across Sub-Saharan Africa provinces,The conflict has disrupted critical infrastructure including hospitals and schools. International observers call for immediate ceasefire and humanitarian access to affected populations.,War,73.2,North America,2024-02-12
Dam failure floods downstream communities in Caribbean,Climate scientists link the disaster to changing weather patterns and warn of increased frequency of such events. Reconstruction costs are estimated in the billions of dollars.,Disaster,82.5,Southeast Asia,2024-07-21
Rebel forces capture key government building in Central Asia,The conflict has disrupted critical infrastructure including hospitals and schools. International observers call for immediate ceasefire and humanitarian access to affected populations.,War,85.8,Oceania,2024-08-06
Social media platform suffers 24-hour global outage,Experts warn this represents a new class of technological threat requiring updated defense strategies. The attack vector exploited known weaknesses that had not been adequately addressed.,Tech,51.1,South America,2024-09-27
Tropical cyclone Michael intensifies threatening Andes Region,Emergency response teams are mobilizing to affected areas as the scale of destruction becomes apparent. Thousands have been displaced and critical infrastructure has been severely damaged.,Disaster,89.9,Oceania,2024-03-19
Trade war escalates as South Korea imposes tariffs on semiconductor,Financial analysts warn of prolonged economic downturn as key indicators continue to decline. Markets have shown extreme volatility with investors moving to safe-haven assets.,Economy,53.6,South Asia,2024-09-19
Cloud service provider outage affects 200 million users worldwide,Experts warn this represents a new class of technological threat requiring updated defense strategies. The attack vector exploited known weaknesses that had not been adequately addressed.,Tech,23.0,Southeast Asia,2024-04-28
Armed conflict escalates near Eastern Europe border,Intelligence sources confirm escalation of hostilities with heavy weaponry deployed. Diplomatic channels remain strained as both sides refuse to back down from their positions.,War,56.1,Middle East,2024-06-05
Russia launches military campaign in North Africa,The situation continues to deteriorate as military operations expand across the region. Civilian casualties are mounting and international pressure grows for a diplomatic resolution.,War,59.7,Europe,2024-08-20
Weapons shipment intercepted near Middle East conflict zone,Security forces have been placed on high alert following the latest developments. Evacuation of civilians from border areas is underway amid fears of further escalation.,War,90.0,Middle East,2024-05-10
UN condemns military aggression in Middle East,Reports indicate significant troop movements and artillery exchanges along the front lines. Aid organizations warn of a growing humanitarian crisis in affected areas.,War,93.2,South America,2024-10-23
Tropical cyclone Michael intensifies threatening East Africa,Rescue operations are underway with military and civilian teams searching for survivors. The disaster has overwhelmed local response capabilities and international assistance has been requested.,Disaster,82.2,Oceania,2024-02-17
Government surveillance program exposed by whistleblower,Users are advised to change credentials and monitor accounts for suspicious activity. The full scope of the impact is still being assessed as forensic analysis continues.,Tech,37.7,East Asia,2024-07-13
India imposes new sanctions on separatist groups amid tensions,The situation continues to deteriorate as military operations expand across the region. Civilian casualties are mounting and international pressure grows for a diplomatic resolution.,War,68.5,Oceania,2024-01-27
